market,model_id,observations,mean_qlike,mean_return_log_score,mean_return_crps,pit_mean,pit_variance,pit_ks_p_value
SP500,RV-NN-SV,1012,0.3270885954364745,-3.270505454414863,0.0060133705270856,0.5258295038253301,0.0849072308254301,0.002667155456468
SP500,Realized-GARCH-Gaussian-QMLE,1012,0.2620496608891385,-3.2851966806694213,0.0059362459708055,0.5264415551593491,0.0871863995892919,0.0021807971166421
SP500,Realized-GARCH-t-MLE,1012,0.2609347537132471,-3.30094277368002,0.0059441025968961,0.5284677883824146,0.0931262837114238,3.932309770153318e-05
FTSE100,RV-NN-SV,1036,0.3160651174703629,-3.2667899831421408,0.0055636319643764,0.5075874358130859,0.0813813443829589,0.1381286505685359
FTSE100,Realized-GARCH-Gaussian-QMLE,1036,0.2893416610618177,-3.241408393103988,0.0055572442264575,0.5075883842678868,0.0820396534604226,0.1063748802410179
FTSE100,Realized-GARCH-t-MLE,1036,0.2895560770516842,-3.269172002734985,0.0055490539488105,0.5083855048750336,0.0856310259267992,0.2978780923320625
DAX,RV-NN-SV,1029,0.3580884413396097,-3.1292883211193825,0.0063741500482144,0.5117086761109356,0.0804978965140739,0.0124996256748523
DAX,Realized-GARCH-Gaussian-QMLE,1029,0.3194954805036512,-3.0844071179404033,0.0063613846229145,0.5129243512010638,0.0852498642492666,0.0112359533779615
DAX,Realized-GARCH-t-MLE,1029,0.3208490869337072,-3.12918461761051,0.0063596816865854,0.5145346809167829,0.0905461196952924,0.0105953115776889
