market,loss,model_a,model_b,sign_convention,n_common,mean_loss_model_a,mean_loss_model_b,statistic,p_value,mean_loss_difference,hac_lag
SP500,qlike,Realized-GARCH-t-MLE,Realized-GARCH-Gaussian-QMLE,negative_mean_difference_favors_realized_garch_t,1012,0.2609347537132471,0.2620496608891385,-1.0527836433954003,0.292691713339451,-0.0011149071758913,6
SP500,return_log_score,Realized-GARCH-t-MLE,Realized-GARCH-Gaussian-QMLE,negative_mean_difference_favors_realized_garch_t,1012,-3.30094277368002,-3.2851966806694213,-1.498111217677402,0.1344165056506145,-0.0157460930105994,6
SP500,return_crps,Realized-GARCH-t-MLE,Realized-GARCH-Gaussian-QMLE,negative_mean_difference_favors_realized_garch_t,1012,0.0059441025968961,0.0059362459708055,0.9789514481609451,0.3278381613355708,7.856626090611595e-06,6
SP500,qlike,Realized-GARCH-t-MLE,RV-NN-SV,negative_mean_difference_favors_realized_garch_t,1012,0.2609347537132471,0.3270885954364745,-4.126353185910263,3.988897285392703e-05,-0.0661538417232273,6
SP500,return_log_score,Realized-GARCH-t-MLE,RV-NN-SV,negative_mean_difference_favors_realized_garch_t,1012,-3.30094277368002,-3.270505454414863,-3.231023714857274,0.0012732887086268,-0.0304373192651573,6
SP500,return_crps,Realized-GARCH-t-MLE,RV-NN-SV,negative_mean_difference_favors_realized_garch_t,1012,0.0059441025968961,0.0060133705270856,-1.919104821172786,0.055252344060737,-6.92679301894608e-05,6
FTSE100,qlike,Realized-GARCH-t-MLE,Realized-GARCH-Gaussian-QMLE,negative_mean_difference_favors_realized_garch_t,1036,0.2895560770516842,0.2893416610618177,0.7723951739452848,0.4400567466141861,0.0002144159898664,6
FTSE100,return_log_score,Realized-GARCH-t-MLE,Realized-GARCH-Gaussian-QMLE,negative_mean_difference_favors_realized_garch_t,1036,-3.269172002734985,-3.241408393103988,-2.35429315265914,0.0187440413903903,-0.0277636096309968,6
FTSE100,return_crps,Realized-GARCH-t-MLE,Realized-GARCH-Gaussian-QMLE,negative_mean_difference_favors_realized_garch_t,1036,0.0055490539488105,0.0055572442264575,-1.5855466291876437,0.1131476522839691,-8.190277647029594e-06,6
FTSE100,qlike,Realized-GARCH-t-MLE,RV-NN-SV,negative_mean_difference_favors_realized_garch_t,1036,0.2895560770516842,0.3160651174703629,-1.6947703671830152,0.0904198026772026,-0.0265090404186787,6
FTSE100,return_log_score,Realized-GARCH-t-MLE,RV-NN-SV,negative_mean_difference_favors_realized_garch_t,1036,-3.269172002734985,-3.2667899831421408,-0.3307724516519715,0.740883320326384,-0.0023820195928436,6
FTSE100,return_crps,Realized-GARCH-t-MLE,RV-NN-SV,negative_mean_difference_favors_realized_garch_t,1036,0.0055490539488105,0.0055636319643764,-0.8294128347027516,0.4070620870278658,-1.4578015565913154e-05,6
DAX,qlike,Realized-GARCH-t-MLE,Realized-GARCH-Gaussian-QMLE,negative_mean_difference_favors_realized_garch_t,1029,0.3208490869337072,0.3194954805036512,0.752159242184144,0.4521274810499921,0.001353606430056,6
DAX,return_log_score,Realized-GARCH-t-MLE,Realized-GARCH-Gaussian-QMLE,negative_mean_difference_favors_realized_garch_t,1029,-3.12918461761051,-3.0844071179404033,-3.17286807198746,0.0015541795168719,-0.044777499670107,6
DAX,return_crps,Realized-GARCH-t-MLE,Realized-GARCH-Gaussian-QMLE,negative_mean_difference_favors_realized_garch_t,1029,0.0063596816865854,0.0063613846229145,-0.2530278368850429,0.8002972903433218,-1.702936329023363e-06,6
DAX,qlike,Realized-GARCH-t-MLE,RV-NN-SV,negative_mean_difference_favors_realized_garch_t,1029,0.3208490869337072,0.3580884413396097,-1.6640810399106365,0.0964009954617596,-0.0372393544059024,6
DAX,return_log_score,Realized-GARCH-t-MLE,RV-NN-SV,negative_mean_difference_favors_realized_garch_t,1029,-3.12918461761051,-3.1292883211193825,0.010891322018602,0.991312267313676,0.0001037035088719,6
DAX,return_crps,Realized-GARCH-t-MLE,RV-NN-SV,negative_mean_difference_favors_realized_garch_t,1029,0.0063596816865854,0.0063741500482144,-0.7636382288281512,0.4452580801220622,-1.4468361628995264e-05,6
