dgp_id,replication_id,fit_outcome,true_index,q_c,posterior_draws,posterior_median,interval_lower,interval_upper,probability_at_least_qc,covered,material_declaration
DGP-0,1,successful,0,0.0173436231772,8000,0.00073169226403534615,6.4662310479001814e-05,0.003513244136958197,0,False,False
DGP-0,2,successful,0,0.0173436231772,8000,0.0012559237704411925,0.00010660437070913364,0.0064227346947772837,0,False,False
DGP-0,3,successful,0,0.0173436231772,8000,0.0030323946912612226,0.0002286535330902481,0.013037567675650013,0.0064999999999999997,False,False
DGP-0,4,successful,0,0.0173436231772,8000,0.00075906535169278444,6.3585590179161071e-05,0.0038511536262082983,0.000125,False,False
DGP-0,5,successful,0,0.0173436231772,8000,0.001465962276570985,0.00014255036565133578,0.006164814391026026,0.000125,False,False
DGP-0,6,successful,0,0.0173436231772,8000,0.0026929585987183046,0.00023937131251067968,0.0094977340111948114,0.00025000000000000001,False,False
DGP-0,7,successful,0,0.0173436231772,8000,0.0007205996249229935,6.7645187311519953e-05,0.0036137807092361421,0,False,False
DGP-0,8,successful,0,0.0173436231772,8000,0.00092488081783895335,8.2215432649526487e-05,0.0042982143305854347,0,False,False
DGP-0,9,successful,0,0.0173436231772,8000,0.0031477482801541296,0.00033694005231284409,0.010461607130509837,0.00062500000000000001,False,False
DGP-0,10,successful,0,0.0173436231772,8000,0.0010069760181099572,0.0001088312201416791,0.004242780387646675,0,False,False
DGP-0,11,successful,0,0.0173436231772,8000,0.00085248096948837269,8.542790014437128e-05,0.0041456545784300082,0,False,False
DGP-0,12,successful,0,0.0173436231772,8000,0.00083625019630580296,6.7749314489297442e-05,0.0047202336269993074,0,False,False
DGP-0,13,successful,0,0.0173436231772,8000,0.00093097949777827299,9.3745063680068168e-05,0.0040262701320304848,0,False,False
DGP-0,14,successful,0,0.0173436231772,8000,0.00072984430309798736,6.596895362949578e-05,0.0036038758821138081,0,False,False
DGP-0,15,successful,0,0.0173436231772,8000,0.00064348926457750435,6.2818960740906434e-05,0.0032675097270077548,0,False,False
DGP-0,16,successful,0,0.0173436231772,8000,0.0014496857866559266,0.00010893154859173498,0.0063485797700045653,0,False,False
DGP-0,17,successful,0,0.0173436231772,8000,0.000833197846351043,8.0288668039220473e-05,0.0039374021347851028,0,False,False
DGP-0,18,successful,0,0.0173436231772,8000,0.00083814818579420721,6.8242746018061293e-05,0.0046649923829623317,0,False,False
DGP-0,19,successful,0,0.0173436231772,8000,0.00080591197765493669,7.7707809028736195e-05,0.0037378004656103388,0,False,False
DGP-0,20,successful,0,0.0173436231772,8000,0.002351631754607458,0.00017911848647538927,0.0089687806014385821,0.00037500000000000001,False,False
DGP-0,21,successful,0,0.0173436231772,8000,0.00073647609389902637,6.7661013158991083e-05,0.0036756632043454269,0,False,False
DGP-0,22,successful,0,0.0173436231772,8000,0.0005817676117665213,5.4131606222627328e-05,0.0026109621023765205,0,False,False
DGP-0,23,successful,0,0.0173436231772,8000,0.0015846124858699268,0.00013095243236515327,0.0075548721444830165,0.00037500000000000001,False,False
DGP-0,24,successful,0,0.0173436231772,8000,0.00085543079647795912,7.312871572135929e-05,0.0046214082585571596,0,False,False
DGP-0,25,successful,0,0.0173436231772,8000,0.00077973932725240323,7.4363948738606956e-05,0.0040481545089058393,0,False,False
DGP-0,26,successful,0,0.0173436231772,8000,0.0010824493408001378,0.00010075115193170699,0.0049983471541401548,0,False,False
DGP-0,27,successful,0,0.0173436231772,8000,0.0011578302978621695,9.9894316529860837e-05,0.0059348152795391041,0,False,False
DGP-0,28,successful,0,0.0173436231772,8000,0.00082463218066782212,7.4876087073574472e-05,0.0042561155615561553,0,False,False
DGP-0,29,successful,0,0.0173436231772,8000,0.00093694178719446321,7.7838906525096589e-05,0.0043214686687765014,0,False,False
DGP-0,30,successful,0,0.0173436231772,8000,0.00084709006689958624,7.7165342218333042e-05,0.0043412049274643445,0,False,False
DGP-0,31,successful,0,0.0173436231772,8000,0.0016813499494685588,0.00014314554134727114,0.0073023178780572103,0,False,False
DGP-0,32,successful,0,0.0173436231772,8000,0.0019305844370172895,0.00016959569758725915,0.0081348803910734641,0,False,False
DGP-0,33,successful,0,0.0173436231772,8000,0.0016608851476670157,0.00014205312037707569,0.0077179000654023326,0.00037500000000000001,False,False
DGP-0,34,successful,0,0.0173436231772,8000,0.0010438302260106903,0.00011101333431045541,0.0044973635825459246,0,False,False
DGP-0,35,successful,0,0.0173436231772,8000,0.0016852493578787347,0.00016732703971400627,0.0065190533493728166,0,False,False
DGP-0,36,successful,0,0.0173436231772,8000,0.00091597417260737843,9.0417052420393694e-05,0.0043162948093049902,0,False,False
DGP-0,37,successful,0,0.0173436231772,8000,0.00090621054936049846,9.0689661651983038e-05,0.00384690050980403,0,False,False
DGP-0,38,successful,0,0.0173436231772,8000,0.0012871759563953182,0.00011539733136117056,0.0061209260943040442,0.00025000000000000001,False,False
DGP-0,39,successful,0,0.0173436231772,8000,0.0010943203818482069,9.29051235432654e-05,0.0058648342777324319,0.000125,False,False
DGP-0,40,successful,0,0.0173436231772,8000,0.00096402320294470558,0.00010397801054180045,0.0043794290399111358,0,False,False
DGP-0,41,successful,0,0.0173436231772,8000,0.0013102653939633115,0.0001322186956376813,0.0056988444312498056,0,False,False
DGP-0,42,successful,0,0.0173436231772,8000,0.001636380624640009,0.0001809574211781142,0.006052981515530376,0,False,False
DGP-0,43,successful,0,0.0173436231772,8000,0.0012222728697973218,0.00011825995614916051,0.0059045822497864227,0.00025000000000000001,False,False
DGP-0,44,successful,0,0.0173436231772,8000,0.00080332848033316069,7.1413294520203461e-05,0.0041610471217897356,0,False,False
DGP-0,45,successful,0,0.0173436231772,8000,0.0010050236889886598,9.3012517234536326e-05,0.0048079342462063425,0,False,False
DGP-0,46,successful,0,0.0173436231772,8000,0.00093726693381420236,7.330572252074094e-05,0.0050565231680221668,0,False,False
DGP-0,47,successful,0,0.0173436231772,8000,0.0010737185986927659,9.7098313362389813e-05,0.0056484747631608016,0,False,False
DGP-0,48,successful,0,0.0173436231772,8000,0.00068709836958678286,7.6117842746379331e-05,0.0032742257253942971,0,False,False
DGP-0,49,successful,0,0.0173436231772,8000,0.00097153841737145194,7.7459860526637393e-05,0.0055595733899373211,0,False,False
DGP-0,50,successful,0,0.0173436231772,8000,0.00068352737630813436,5.8121743133454947e-05,0.003372493247852056,0,False,False
DGP-0,51,successful,0,0.0173436231772,8000,0.0016059874261520766,0.00011003756325128705,0.0075971812886460408,0.000125,False,False
DGP-0,52,successful,0,0.0173436231772,8000,0.00079299274212412405,7.6291580690550988e-05,0.0039669825195405703,0,False,False
DGP-0,53,successful,0,0.0173436231772,8000,0.0021789035033198405,0.00017630311186873348,0.0087224247031099014,0.00025000000000000001,False,False
DGP-0,54,successful,0,0.0173436231772,8000,0.00063930392967035006,6.4788054930675924e-05,0.0032039670686929435,0,False,False
DGP-0,55,successful,0,0.0173436231772,8000,0.00068379731973534593,6.8149137672948861e-05,0.0034058943594641312,0,False,False
DGP-0,56,successful,0,0.0173436231772,8000,0.0013442829031754581,0.00013082731116459103,0.0062651897178730535,0,False,False
DGP-0,57,successful,0,0.0173436231772,8000,0.00071118461610419773,6.5004798740160265e-05,0.0035468901415098785,0,False,False
DGP-0,58,successful,0,0.0173436231772,8000,0.0011560691311734309,9.6440643365882452e-05,0.0062220540224388011,0,False,False
DGP-0,59,successful,0,0.0173436231772,8000,0.0010251595380935037,8.2718085713920706e-05,0.0056607308640433777,0,False,False
DGP-0,60,successful,0,0.0173436231772,8000,0.0011903997928442355,8.6214642579164017e-05,0.0064633715552046703,0,False,False
DGP-0,61,successful,0,0.0173436231772,8000,0.00092532649327335854,9.7677961916494164e-05,0.0045031681002501286,0,False,False
DGP-0,62,successful,0,0.0173436231772,8000,0.0014329936359927301,0.00014754819510198099,0.0065793547618836039,0,False,False
DGP-0,63,successful,0,0.0173436231772,8000,0.0010406917079283564,9.5115526641916505e-05,0.0049957694123525225,0,False,False
DGP-0,64,successful,0,0.0173436231772,8000,0.00089544807201836476,7.9478721345799106e-05,0.0048678756984709953,0,False,False
DGP-0,65,successful,0,0.0173436231772,8000,0.001989362445273949,0.00015021118197013414,0.0085054275211519977,0.00037500000000000001,False,False
DGP-0,66,successful,0,0.0173436231772,8000,0.0015938456407694856,0.00013641070493518372,0.0077555076480400088,0,False,False
DGP-0,67,successful,0,0.0173436231772,8000,0.00090593777383468394,8.390386729301853e-05,0.004485977198618582,0,False,False
DGP-0,68,successful,0,0.0173436231772,8000,0.0017958189621839957,0.00011407054097169253,0.007792027673158221,0.000125,False,False
DGP-0,69,successful,0,0.0173436231772,8000,0.0011802508987182533,0.00010334716138281773,0.0054132365697167374,0,False,False
DGP-0,70,successful,0,0.0173436231772,8000,0.00072783873400971734,6.5531001336670053e-05,0.0035145190803291008,0,False,False
DGP-0,71,successful,0,0.0173436231772,8000,0.001240125374191737,0.00010633243094613874,0.0061955003646010044,0.00025000000000000001,False,False
DGP-0,72,successful,0,0.0173436231772,8000,0.001278959955329625,0.00010577583100691128,0.0066966904946953801,0,False,False
DGP-0,73,successful,0,0.0173436231772,8000,0.0014857417857662154,0.0001290365762252366,0.0080996599355659428,0,False,False
DGP-0,74,successful,0,0.0173436231772,8000,0.00077461890641135106,7.8252985406878121e-05,0.0038566740659673232,0,False,False
DGP-0,75,successful,0,0.0173436231772,8000,0.0010197714331813524,0.00011131080201115867,0.0041832203598640098,0,False,False
DGP-0,76,successful,0,0.0173436231772,8000,0.0014662441719039451,0.00011826035870960713,0.0072045268222186952,0.000125,False,False
DGP-0,77,successful,0,0.0173436231772,8000,0.0021601069510360778,0.00020101685881729545,0.0082316389766066561,0.000125,False,False
DGP-0,78,successful,0,0.0173436231772,8000,0.00096693039750290338,9.592322892232822e-05,0.0050473181526634126,0,False,False
DGP-0,79,successful,0,0.0173436231772,8000,0.00099959178045089378,8.2776861006269613e-05,0.0054874044410729564,0,False,False
DGP-0,80,successful,0,0.0173436231772,8000,0.0010856842881207624,9.3897974959592117e-05,0.0055217482043666407,0,False,False
DGP-0,81,successful,0,0.0173436231772,8000,0.0014198063845284473,0.00013525897874816368,0.006006946653180651,0.000125,False,False
DGP-0,82,successful,0,0.0173436231772,8000,0.00065911184554411865,6.6640627712592421e-05,0.0030806570561067968,0,False,False
DGP-0,83,successful,0,0.0173436231772,8000,0.00078382460139026985,8.2893427421044976e-05,0.0030488206422397508,0,False,False
DGP-0,84,successful,0,0.0173436231772,8000,0.0016336517461197867,0.00011470638874834539,0.0077699432563410322,0.000125,False,False
DGP-0,85,successful,0,0.0173436231772,8000,0.0050122588582186978,0.00066159502819262679,0.014616105927484928,0.0098750000000000001,False,False
DGP-0,86,successful,0,0.0173436231772,8000,0.0030817334002349525,0.00030309229218873954,0.010453109548732437,0.00062500000000000001,False,False
DGP-0,87,successful,0,0.0173436231772,8000,0.0011733406992930147,0.00011553088916581969,0.0048462364898914922,0,False,False
DGP-0,88,successful,0,0.0173436231772,8000,0.00096010169045453056,7.8339841253055495e-05,0.0045445168312467183,0,False,False
DGP-0,89,successful,0,0.0173436231772,8000,0.0006482157330276677,6.1652310523360225e-05,0.0030905108744412723,0,False,False
DGP-0,90,successful,0,0.0173436231772,8000,0.00068552761659570484,7.6520230953094816e-05,0.0033235507723259265,0,False,False
DGP-0,91,successful,0,0.0173436231772,8000,0.00098836248913825638,8.0807815794654378e-05,0.0050315059373541261,0,False,False
DGP-0,92,successful,0,0.0173436231772,8000,0.00092243964215391375,8.1879033884901226e-05,0.0044855282796035052,0,False,False
DGP-0,93,successful,0,0.0173436231772,8000,0.00072434338858015385,6.5590396373942363e-05,0.003431433621126643,0,False,False
DGP-0,94,successful,0,0.0173436231772,8000,0.0011231283306503408,8.2885961438561675e-05,0.006266692527776581,0,False,False
DGP-0,95,successful,0,0.0173436231772,8000,0.00075013037213621909,7.1870203104228343e-05,0.0037278790846776676,0,False,False
DGP-0,96,successful,0,0.0173436231772,8000,0.0011041088008510486,9.0327746507613257e-05,0.0060487750846391171,0,False,False
DGP-0,97,successful,0,0.0173436231772,8000,0.0035787146258004026,0.00029221595618655292,0.013872366543017649,0.0073749999999999996,False,False
DGP-0,98,successful,0,0.0173436231772,8000,0.0027849543921400718,0.00034324346711849533,0.0087365825648950939,0.000125,False,False
DGP-0,99,successful,0,0.0173436231772,8000,0.00076224294651933025,5.7357354619074502e-05,0.0040389712807897601,0,False,False
DGP-0,100,successful,0,0.0173436231772,8000,0.00088589152109222284,8.6335791425651406e-05,0.0045483757414336978,0,False,False
DGP-0,101,successful,0,0.0173436231772,8000,0.0010601067756507419,0.00010927570508579799,0.0054054469773711401,0,False,False
DGP-0,102,successful,0,0.0173436231772,8000,0.0007795199651007517,8.9402460079249257e-05,0.0030812297380032739,0,False,False
DGP-0,103,successful,0,0.0173436231772,8000,0.0012691795619583614,0.00014272873395622696,0.0050895935880841403,0,False,False
DGP-0,104,successful,0,0.0173436231772,8000,0.0017748020778048581,0.00014657209219730584,0.0086914354158201083,0.00062500000000000001,False,False
DGP-0,105,successful,0,0.0173436231772,8000,0.0009691570297085233,0.00011055790975306449,0.0042919133203155177,0,False,False
DGP-0,106,successful,0,0.0173436231772,8000,0.0021654347583030279,0.0001688912865695887,0.0092016483914771179,0.00050000000000000001,False,False
DGP-0,107,successful,0,0.0173436231772,8000,0.0011584232696650871,0.0001034452719013895,0.0055975489120852736,0,False,False
DGP-0,108,successful,0,0.0173436231772,8000,0.00063201765308447074,6.2125671921043726e-05,0.0030740818051360154,0,False,False
DGP-0,109,successful,0,0.0173436231772,8000,0.00077767246835472943,7.7007592436575807e-05,0.0032237239017524426,0,False,False
DGP-0,110,successful,0,0.0173436231772,8000,0.0044119234876244841,0.00061060273088279647,0.012393976665872273,0.0023749999999999999,False,False
DGP-0,111,successful,0,0.0173436231772,8000,0.00093092559573688775,8.3316127652201838e-05,0.0050660188198883337,0,False,False
DGP-0,112,successful,0,0.0173436231772,8000,0.0047391555293743509,0.00051761437079655894,0.015209642156902278,0.01125,False,False
DGP-0,113,successful,0,0.0173436231772,8000,0.0017589498616873045,0.00018625571309388911,0.0074429041981230858,0.000125,False,False
DGP-0,114,successful,0,0.0173436231772,8000,0.00069529711479145238,6.4581643224640527e-05,0.003549145919307467,0,False,False
DGP-0,115,successful,0,0.0173436231772,8000,0.0017581969643365083,0.0001124361580961537,0.0074359380261086886,0,False,False
DGP-0,116,successful,0,0.0173436231772,8000,0.0012593029879155232,0.00010602241589387044,0.0058725993583594351,0,False,False
DGP-0,117,successful,0,0.0173436231772,8000,0.0011005826625974714,0.00010547697627948133,0.0049567395112370483,0,False,False
DGP-0,118,successful,0,0.0173436231772,8000,0.0016690153127785412,0.0001300455163182818,0.0074397265009086798,0,False,False
DGP-0,119,successful,0,0.0173436231772,8000,0.00069616092402391893,7.2486127577765758e-05,0.0032278035610357834,0,False,False
DGP-0,120,successful,0,0.0173436231772,8000,0.00082285599916285016,7.8264712573791227e-05,0.0043244899579110022,0,False,False
DGP-0,121,successful,0,0.0173436231772,8000,0.00091230180714182985,0.00010179851556115111,0.0044106308098903462,0,False,False
DGP-0,122,successful,0,0.0173436231772,8000,0.001050364804426677,9.9718769300795508e-05,0.0051721584535999159,0,False,False
DGP-0,123,successful,0,0.0173436231772,8000,0.0030015637401254684,0.00025336988273453025,0.010543745594620908,0.0015,False,False
DGP-0,124,successful,0,0.0173436231772,8000,0.001238854351371521,0.00010428216358198641,0.0054805427302412535,0,False,False
DGP-0,125,successful,0,0.0173436231772,8000,0.0006912389107508602,6.6920148315965008e-05,0.0031175332904027908,0,False,False
DGP-0,126,successful,0,0.0173436231772,8000,0.00078392248682373784,7.5528756645751858e-05,0.0039430930620826966,0,False,False
DGP-0,127,successful,0,0.0173436231772,8000,0.001998035053525451,0.00018753485126021927,0.00770717481368013,0,False,False
DGP-0,128,successful,0,0.0173436231772,8000,0.0021733344526399484,0.00019313775260754466,0.0089746187533523755,0.00062500000000000001,False,False
DGP-0,129,successful,0,0.0173436231772,8000,0.00098671623575252373,0.00010697086416710845,0.0042256741693306697,0,False,False
DGP-0,130,successful,0,0.0173436231772,8000,0.00078878038558815222,7.2090356393898154e-05,0.0038980781204295727,0,False,False
DGP-0,131,successful,0,0.0173436231772,8000,0.00081301590431323524,6.3661123052246817e-05,0.0039069512934261728,0,False,False
DGP-0,132,successful,0,0.0173436231772,8000,0.0012960830717348793,0.0001045365595833603,0.0063436255877654781,0,False,False
DGP-0,133,successful,0,0.0173436231772,8000,0.0031585601931419047,0.00033683631450472578,0.010396544854046593,0.00087500000000000002,False,False
DGP-0,134,successful,0,0.0173436231772,8000,0.0011869315342459535,0.00012362645992557267,0.0056528115350526435,0,False,False
DGP-0,135,successful,0,0.0173436231772,8000,0.0011128801390314497,0.00011227411567072475,0.0051930534495310239,0,False,False
DGP-0,136,successful,0,0.0173436231772,8000,0.0019041324276323974,0.00013958808405300932,0.0087800859520336793,0.00062500000000000001,False,False
DGP-0,137,successful,0,0.0173436231772,8000,0.0020134752476177482,0.00018898300009592483,0.0082763728076178898,0.00025000000000000001,False,False
DGP-0,138,successful,0,0.0173436231772,8000,0.00094607913211133213,8.4881200895483655e-05,0.0047302203208150319,0,False,False
DGP-0,139,successful,0,0.0173436231772,8000,0.001431430849874505,9.489162542878493e-05,0.0071282313734644161,0,False,False
DGP-0,140,successful,0,0.0173436231772,8000,0.0010935647174513618,9.6660913008659167e-05,0.005262719672686756,0,False,False
DGP-0,141,successful,0,0.0173436231772,8000,0.0010200227169493044,7.6472507009421652e-05,0.0055723045530158138,0,False,False
DGP-0,142,successful,0,0.0173436231772,8000,0.0023247308529604294,0.00021268648647690665,0.010841084232071928,0.002,False,False
DGP-0,143,successful,0,0.0173436231772,8000,0.0022824893024166815,0.0002043434490079607,0.0091068572228242429,0.00037500000000000001,False,False
DGP-0,144,successful,0,0.0173436231772,8000,0.0010076532136646518,9.3702749309133287e-05,0.0049635543161241948,0,False,False
DGP-0,145,successful,0,0.0173436231772,8000,0.00063302778030691358,6.2800306445237982e-05,0.0031822698785283982,0,False,False
DGP-0,146,successful,0,0.0173436231772,8000,0.0013397970671332692,0.00015899876114422573,0.0052703193902307547,0,False,False
DGP-0,147,successful,0,0.0173436231772,8000,0.00088363436338634196,7.5785944888306968e-05,0.0049182697579366816,0,False,False
DGP-0,148,successful,0,0.0173436231772,8000,0.00138999613549257,0.0001118078984368144,0.0069379523509460334,0,False,False
DGP-0,149,successful,0,0.0173436231772,8000,0.0040713298407537256,0.00032368916072929993,0.014199230036435907,0.0078750000000000001,False,False
DGP-0,150,successful,0,0.0173436231772,8000,0.00095295498167512151,7.4347446238376638e-05,0.0050395455301575692,0,False,False
DGP-0,151,successful,0,0.0173436231772,8000,0.0031519544365125858,0.00022534033332500142,0.011862201388079517,0.0031250000000000002,False,False
DGP-0,152,successful,0,0.0173436231772,8000,0.0009751407862423375,8.5096686927389157e-05,0.0054952770325840212,0,False,False
DGP-0,153,successful,0,0.0173436231772,8000,0.0019478814611122511,0.00015869791269000109,0.008694545368903496,0.00037500000000000001,False,False
DGP-0,154,successful,0,0.0173436231772,8000,0.0033031552012631887,0.00032056278294266327,0.010662741889204299,0.00087500000000000002,False,False
DGP-0,155,successful,0,0.0173436231772,8000,0.00069916935397919678,7.8784772940426273e-05,0.003198748702641474,0,False,False
DGP-0,156,successful,0,0.0173436231772,8000,0.0026765837050344429,0.00021475922722446108,0.010542843890390818,0.0015,False,False
DGP-0,157,successful,0,0.0173436231772,8000,0.00090683343397293908,0.00010245869071818997,0.0034266755756897247,0,False,False
DGP-0,158,successful,0,0.0173436231772,8000,0.00073592523919077668,7.6785807830578789e-05,0.0033917904372210966,0,False,False
DGP-0,159,successful,0,0.0173436231772,8000,0.0014617774543240912,0.00014838255159351695,0.0058846545231885259,0,False,False
DGP-0,160,successful,0,0.0173436231772,8000,0.00092744834853126287,8.5524558617491026e-05,0.0039737587741647106,0,False,False
DGP-0,161,successful,0,0.0173436231772,8000,0.0017028233910784396,0.00014173825303950756,0.00770902197399931,0.00050000000000000001,False,False
DGP-0,162,successful,0,0.0173436231772,8000,0.0013551479092777075,0.00013547674778236542,0.0056350869790905778,0,False,False
DGP-0,163,successful,0,0.0173436231772,8000,0.0007538525425971449,7.4422224647777594e-05,0.0036803987734116777,0,False,False
DGP-0,164,successful,0,0.0173436231772,8000,0.00075814129621469756,6.9677861234211893e-05,0.0037825357162265564,0,False,False
DGP-0,165,successful,0,0.0173436231772,8000,0.0007971284679470892,8.3051778161192629e-05,0.0037347850113718241,0,False,False
DGP-0,166,successful,0,0.0173436231772,8000,0.00080028198026078684,8.4683401062983743e-05,0.0033795207613183434,0,False,False
DGP-0,167,successful,0,0.0173436231772,8000,0.00061080545156230238,6.2117971083374603e-05,0.0029607743790639961,0,False,False
DGP-0,168,successful,0,0.0173436231772,8000,0.0013266289013196232,0.00011646892959768202,0.0064424153552013726,0,False,False
DGP-0,169,successful,0,0.0173436231772,8000,0.00079031916686210957,6.6777797920788688e-05,0.0041147578557979214,0,False,False
DGP-0,170,successful,0,0.0173436231772,8000,0.0019292538004366585,0.00014841252125916463,0.0080246107593194629,0,False,False
DGP-0,171,successful,0,0.0173436231772,8000,0.00089732601211930073,7.3806113056663198e-05,0.0047649673758306411,0.000125,False,False
DGP-0,172,successful,0,0.0173436231772,8000,0.0013905302024479792,0.00011012181626141268,0.0067168854633001254,0.000125,False,False
DGP-0,173,successful,0,0.0173436231772,8000,0.0011344466077811864,0.00010983126448161135,0.0045841367872971467,0,False,False
DGP-0,174,successful,0,0.0173436231772,8000,0.0008881509693234751,8.102158839007704e-05,0.0043649522442237272,0,False,False
DGP-0,175,successful,0,0.0173436231772,8000,0.0016336846455512078,0.00012742905889278919,0.007379801524704941,0,False,False
DGP-0,176,successful,0,0.0173436231772,8000,0.00076922108396519791,7.4175464471244832e-05,0.0035903317408727594,0,False,False
DGP-0,177,successful,0,0.0173436231772,8000,0.0011989198478661992,0.00011514398877750188,0.0052441871316738463,0,False,False
DGP-0,178,successful,0,0.0173436231772,8000,0.0013276598799364177,0.00011766000712408401,0.0068730756167222811,0,False,False
DGP-0,179,successful,0,0.0173436231772,8000,0.0016416532457673807,0.00014129281357451741,0.0076078699422374302,0,False,False
DGP-0,180,successful,0,0.0173436231772,8000,0.0013815481647972362,0.00012395368759720728,0.0064216250448955537,0,False,False
DGP-0,181,successful,0,0.0173436231772,8000,0.00064677438446472451,6.3847538710548379e-05,0.0029799152126587544,0,False,False
DGP-0,182,successful,0,0.0173436231772,8000,0.0019686889556496706,0.00015789196135506943,0.0095136510871310712,0.00062500000000000001,False,False
DGP-0,183,successful,0,0.0173436231772,8000,0.0023990289609827713,0.00019756227507052092,0.0091039372427791261,0.00075000000000000002,False,False
DGP-0,184,successful,0,0.0173436231772,8000,0.0012598668571455079,0.00013281412744748692,0.0054350050296672701,0,False,False
DGP-0,185,successful,0,0.0173436231772,8000,0.0010741592465435617,9.067612404414423e-05,0.0050466910263565331,0,False,False
DGP-0,186,successful,0,0.0173436231772,8000,0.0018632726271580445,0.00016824128317957085,0.0075633375662989381,0,False,False
DGP-0,187,successful,0,0.0173436231772,8000,0.0011950448285811947,9.433772475888694e-05,0.0065306393648497671,0,False,False
DGP-0,188,successful,0,0.0173436231772,8000,0.00081193945968282806,7.8201642861274012e-05,0.0040347684634284287,0,False,False
DGP-0,189,successful,0,0.0173436231772,8000,0.0013449620728768141,0.00012256149684266822,0.0061575048655583388,0.000125,False,False
DGP-0,190,successful,0,0.0173436231772,8000,0.0012662900726796173,0.00013010172982212397,0.005463213689015982,0,False,False
DGP-0,191,successful,0,0.0173436231772,8000,0.00064474594466262564,6.6072261496699837e-05,0.0030916180099997098,0,False,False
DGP-0,192,successful,0,0.0173436231772,8000,0.00066089777953715588,5.7088559567916843e-05,0.0035587402288393653,0,False,False
DGP-0,193,successful,0,0.0173436231772,8000,0.00090596601209612295,0.00010404928938693303,0.0039287950001945168,0,False,False
DGP-0,194,successful,0,0.0173436231772,8000,0.0015066450464925794,0.00011009870844453592,0.0075073920492257007,0,False,False
DGP-0,195,successful,0,0.0173436231772,8000,0.0015165671142184571,0.00012153532941459642,0.0071754582618764953,0.000125,False,False
DGP-0,196,successful,0,0.0173436231772,8000,0.00073198358558291285,6.899619096351879e-05,0.0036013641240522838,0,False,False
DGP-0,197,successful,0,0.0173436231772,8000,0.0013589818545937135,0.00014205465084615672,0.0054853001865363439,0,False,False
DGP-0,198,successful,0,0.0173436231772,8000,0.0012652859731741408,0.00011404873946619138,0.0062166348892339395,0,False,False
DGP-0,199,successful,0,0.0173436231772,8000,0.0036717859429490473,0.00040977445239198527,0.011816513386562843,0.0018749999999999999,False,False
DGP-0,200,successful,0,0.0173436231772,8000,0.0011659412962625633,0.00012122922408100863,0.0049616884183894651,0.000125,False,False
DGP-N,1,successful,0.014549321383605301,0.0173436231772,8000,0.014088303311335872,0.0052611087594986363,0.026540828772434844,0.28737499999999999,True,False
DGP-N,2,successful,0.024862994395579999,0.0173436231772,8000,0.02872805494323382,0.013132128907791361,0.051013249101006776,0.91162500000000002,True,False
DGP-N,3,successful,0.022786970825793701,0.0173436231772,8000,0.010685420769053267,0.0019274514145542372,0.026951056433525588,0.18112500000000001,True,False
DGP-N,4,successful,0.014119070995314601,0.0173436231772,8000,0.014833178555971363,0.0050358431298688482,0.029727340306884373,0.35162500000000002,True,False
DGP-N,5,successful,0.024863229128841299,0.0173436231772,8000,0.022255465946947741,0.008367418715489126,0.043063837382363926,0.72237499999999999,True,False
DGP-N,6,successful,0.016089000906595999,0.0173436231772,8000,0.0063575181575764757,0.001167285976065134,0.016231486250592911,0.016875000000000001,True,False
DGP-N,7,successful,0.0135456803527844,0.0173436231772,8000,0.014168820600455833,0.0049873657548671979,0.027978424047496432,0.30462499999999998,True,False
DGP-N,8,successful,0.0177027032565896,0.0173436231772,8000,0.016913736483723824,0.006394761873617736,0.033186886331663057,0.47699999999999998,True,False
DGP-N,9,successful,0.0186255555422613,0.0173436231772,8000,0.0063241882794356757,0.0011994799562602017,0.016202946974198749,0.015375,False,False
DGP-N,10,successful,0.0136851868719079,0.0173436231772,8000,0.0089030718555221863,0.0029537843627551277,0.018619061047039597,0.040625000000000001,True,False
DGP-N,11,successful,0.018939549826173699,0.0173436231772,8000,0.017781169725401412,0.0066059973449370622,0.034058491905925893,0.52500000000000002,True,False
DGP-N,12,successful,0.0153187578018112,0.0173436231772,8000,0.010071314791622144,0.0028497744360951598,0.021818480712072402,0.097000000000000003,True,False
DGP-N,13,successful,0.014899910001505401,0.0173436231772,8000,0.017077730172224755,0.0076153736285020038,0.030148338363379542,0.47999999999999998,True,False
DGP-N,14,successful,0.015209272922124199,0.0173436231772,8000,0.015332808714536229,0.00581452825617494,0.029802076089401389,0.3735,True,False
DGP-N,15,successful,0.0143464510846708,0.0173436231772,8000,0.013866663545344127,0.00526265698545203,0.026608211632628054,0.28137499999999999,True,False
DGP-N,16,successful,0.0140760016050657,0.0173436231772,8000,0.020856687042343482,0.010016953710474277,0.035854470900969153,0.71199999999999997,True,False
DGP-N,17,successful,0.016402620754735201,0.0173436231772,8000,0.015142506789096181,0.0054678452778307209,0.029955328594076215,0.362875,True,False
DGP-N,18,successful,0.017934764973190399,0.0173436231772,8000,0.019365648175227259,0.0074265051705170422,0.036773684551766668,0.61275000000000002,True,False
DGP-N,19,successful,0.013118705756000999,0.0173436231772,8000,0.015432048367410051,0.0064009925951980049,0.028864837893105705,0.37537500000000001,True,False
DGP-N,20,successful,0.016730464211554701,0.0173436231772,8000,0.006737632282050772,0.0013013863712253121,0.017093322549841115,0.0235,True,False
DGP-N,21,successful,0.0169699913893742,0.0173436231772,8000,0.017108292439277084,0.0070896922749217823,0.031369717476578643,0.48425000000000001,True,False
DGP-N,22,successful,0.010796535053292,0.0173436231772,8000,0.010109506342876795,0.0037595492276733616,0.019545647748880221,0.059999999999999998,True,False
DGP-N,23,successful,0.018813616026484199,0.0173436231772,8000,0.027369767794587399,0.012708827464584778,0.045863549797120144,0.89324999999999999,True,False
DGP-N,24,successful,0.016339834454172301,0.0173436231772,8000,0.014279254533201433,0.0045057915250740687,0.029682731037218604,0.32587500000000003,True,False
DGP-N,25,successful,0.0152761157327752,0.0173436231772,8000,0.017088619952636296,0.0066838999778999174,0.032409343252880994,0.48399999999999999,True,False
DGP-N,26,successful,0.015389733137914301,0.0173436231772,8000,0.010714448507737537,0.0034471358910099273,0.022005920906101564,0.109375,True,False
DGP-N,27,successful,0.013562376136403501,0.0173436231772,8000,0.0090567370120171603,0.0023757772347731063,0.020246720332825478,0.057125000000000002,True,False
DGP-N,28,successful,0.014010796042221401,0.0173436231772,8000,0.016938359216196117,0.0066788907016532752,0.030957294491781251,0.47312500000000002,True,False
DGP-N,29,successful,0.0188946090205965,0.0173436231772,8000,0.019843136036305546,0.0081530405772373866,0.036848990625025606,0.63462499999999999,True,False
DGP-N,30,successful,0.018677904473394399,0.0173436231772,8000,0.017546436303695845,0.0062802964943010648,0.035012851542208991,0.51200000000000001,True,False
DGP-N,31,successful,0.0172386603722086,0.0173436231772,8000,0.0096944206895176466,0.0026549977194832903,0.02159325573855771,0.092874999999999999,True,False
DGP-N,32,successful,0.0169360796942978,0.0173436231772,8000,0.0078629342972947325,0.0018000729414784666,0.019108722750729459,0.043499999999999997,True,False
DGP-N,33,successful,0.0155394091806889,0.0173436231772,8000,0.011278632247000089,0.0025544548531411392,0.027014904990099099,0.18837499999999999,True,False
DGP-N,34,successful,0.0201292878540681,0.0173436231772,8000,0.015777751883176611,0.0061555643783704614,0.029907720879621423,0.40137499999999998,True,False
DGP-N,35,successful,0.024191080576459498,0.0173436231772,8000,0.02570119708242417,0.010953138129175834,0.047341937989244839,0.84512500000000002,True,False
DGP-N,36,successful,0.017278367897519499,0.0173436231772,8000,0.017105772475056562,0.0066558237698441753,0.032048809820287655,0.48599999999999999,True,False
DGP-N,37,successful,0.0166507032275699,0.0173436231772,8000,0.018358717648610749,0.008464951072566302,0.032887518000698529,0.56587500000000002,True,False
DGP-N,38,successful,0.016649485642485799,0.0173436231772,8000,0.012266102385168086,0.003526260863749949,0.025728700938016869,0.208625,True,False
DGP-N,39,successful,0.018509429342481801,0.0173436231772,8000,0.011600560536545946,0.0033960147978748406,0.02495853026173793,0.174125,True,False
DGP-N,40,successful,0.012488773369610099,0.0173436231772,8000,0.016355380459602463,0.0074337848031221553,0.028465284115951731,0.43049999999999999,True,False
DGP-N,41,successful,0.015431798403444399,0.0173436231772,8000,0.0091558294881180086,0.002633930932630897,0.020511596906400854,0.064125000000000001,True,False
DGP-N,42,successful,0.019135793661825402,0.0173436231772,8000,0.025123723467001188,0.012649042444603655,0.041783196531554941,0.87475000000000003,True,False
DGP-N,43,successful,0.024028295564829001,0.0173436231772,8000,0.018496715668330534,0.0066870339022306697,0.036545612572803962,0.5595,True,False
DGP-N,44,successful,0.0190986561503016,0.0173436231772,8000,0.01895403494828634,0.0076157905912862534,0.035432192653020077,0.59850000000000003,True,False
DGP-N,45,successful,0.0158108434007131,0.0173436231772,8000,0.019610388948885504,0.0091507026689943063,0.034272202449388826,0.63600000000000001,True,False
DGP-N,46,successful,0.018287724383408401,0.0173436231772,8000,0.020756122524749426,0.0088181840314968101,0.03810093943916238,0.68637499999999996,True,False
DGP-N,47,successful,0.0215325742287421,0.0173436231772,8000,0.025807435232996778,0.010805940006680127,0.04727307087757656,0.83499999999999996,True,False
DGP-N,48,successful,0.0140302463476606,0.0173436231772,8000,0.013429705817255661,0.0051124168286933733,0.026100819027503681,0.24662500000000001,True,False
DGP-N,49,successful,0.0185797325037775,0.0173436231772,8000,0.012161228131923456,0.0032263574898994903,0.026845312126283612,0.21825,True,False
DGP-N,50,successful,0.015581065358269299,0.0173436231772,8000,0.014889217639843414,0.0056333124361477738,0.028170765615006983,0.34512500000000002,True,False
DGP-N,51,successful,0.017041382363264301,0.0173436231772,8000,0.025504371154603106,0.011482073857395581,0.045059857690355622,0.84475,True,False
DGP-N,52,unsuccessful,0.016236318927165101,0.0173436231772,0,,,,,False,False
DGP-N,53,successful,0.020121624189309,0.0173436231772,8000,0.030556244986198376,0.015248419243608686,0.05108137279435207,0.95325000000000004,True,True
DGP-N,54,successful,0.014347359916327899,0.0173436231772,8000,0.01113808376419608,0.0039345411830133915,0.021787174476016323,0.12025,True,False
DGP-N,55,successful,0.014146878385161901,0.0173436231772,8000,0.014240793939358572,0.0054655801201541074,0.027599291726925063,0.29175000000000001,True,False
DGP-N,56,successful,0.018665352991244999,0.0173436231772,8000,0.011291479859708908,0.0033621586935372247,0.023633040192455018,0.14974999999999999,True,False
DGP-N,57,successful,0.0160978489733399,0.0173436231772,8000,0.016321971063773734,0.0068647639413555017,0.029723550972341618,0.434,True,False
DGP-N,58,successful,0.019280446657972301,0.0173436231772,8000,0.023722919580778733,0.010328255279162835,0.04258068615008824,0.799875,True,False
DGP-N,59,successful,0.017160713041983799,0.0173436231772,8000,0.009896742272029687,0.002516594201768411,0.02286690632209154,0.110125,True,False
DGP-N,60,successful,0.017234345877707599,0.0173436231772,8000,0.010063233496404634,0.0024564506124694252,0.023417296417571429,0.12,True,False
DGP-N,61,successful,0.0203641687151466,0.0173436231772,8000,0.015244035797875324,0.0060573248361849895,0.028548140597374413,0.36825000000000002,True,False
DGP-N,62,successful,0.028849828178613299,0.0173436231772,8000,0.02379204514982276,0.0087757611826992394,0.046294758977803177,0.76312500000000005,True,False
DGP-N,63,successful,0.015988355277957701,0.0173436231772,8000,0.010633638797875409,0.0030679819773279378,0.022955256655529537,0.11637500000000001,True,False
DGP-N,64,successful,0.019662040946063698,0.0173436231772,8000,0.013481753562364184,0.0044011657394209761,0.027800143389121942,0.27712500000000001,True,False
DGP-N,65,successful,0.018736613864405199,0.0173436231772,8000,0.028304281619995202,0.013971115265533258,0.047812121673382307,0.92100000000000004,True,False
DGP-N,66,successful,0.020736019114466001,0.0173436231772,8000,0.011980977076634369,0.0032681960161990717,0.026437836533365889,0.20474999999999999,True,False
DGP-N,67,successful,0.017718830733291099,0.0173436231772,8000,0.013031237365317925,0.0044476037209759262,0.027093447867735796,0.23924999999999999,True,False
DGP-N,68,successful,0.016690191875474901,0.0173436231772,8000,0.0072159038660260712,0.0013754404034228718,0.018212869847232312,0.032625000000000001,True,False
DGP-N,69,successful,0.016301311854630001,0.0173436231772,8000,0.0094139262203725045,0.0027744973082972006,0.020421946810662162,0.070749999999999993,True,False
DGP-N,70,successful,0.0130164916120097,0.0173436231772,8000,0.0095139256305420764,0.0031524560030065916,0.019564183433895703,0.060374999999999998,True,False
DGP-N,71,successful,0.0190857617854992,0.0173436231772,8000,0.013249568366375348,0.003908962034063301,0.028388957991953932,0.267125,True,False
DGP-N,72,successful,0.022022072765629199,0.0173436231772,8000,0.014421837278203706,0.0043071631323624415,0.031338417028184837,0.34187499999999998,True,False
DGP-N,73,successful,0.022411486695190601,0.0173436231772,8000,0.031422196779945163,0.014330542204204828,0.055241896471753447,0.93999999999999995,True,False
DGP-N,74,successful,0.0143815706619051,0.0173436231772,8000,0.011945535136063612,0.0038726444374377468,0.024363215715042442,0.17799999999999999,True,False
DGP-N,75,successful,0.0203554752463035,0.0173436231772,8000,0.020668120401601753,0.0094452308119556527,0.03599236791997875,0.69874999999999998,True,False
DGP-N,76,successful,0.020317783198313,0.0173436231772,8000,0.013792803262104509,0.0041399487800715023,0.029585882704273807,0.299375,True,False
DGP-N,77,successful,0.019677469917851801,0.0173436231772,8000,0.0086943947851396142,0.0022464079778674035,0.019420953655531155,0.051124999999999997,False,False
DGP-N,78,successful,0.018238087027571001,0.0173436231772,8000,0.013383509947616045,0.0045964508554616167,0.027252916042292127,0.26337500000000003,True,False
DGP-N,79,successful,0.018317339474979499,0.0173436231772,8000,0.01038268036459709,0.0028515160117236911,0.022751131380924789,0.120625,True,False
DGP-N,80,successful,0.018308710354967998,0.0173436231772,8000,0.021577426488210323,0.0093949295306448005,0.038307635779035933,0.72112500000000002,True,False
DGP-N,81,successful,0.021109501376361899,0.0173436231772,8000,0.025545150532773151,0.01133996373839046,0.045304308358139034,0.85262499999999997,True,False
DGP-N,82,successful,0.014690226349218301,0.0173436231772,8000,0.014013188754322508,0.0054748154824024696,0.026637183338112384,0.28125,True,False
DGP-N,83,successful,0.013305998513617899,0.0173436231772,8000,0.010812787521524463,0.0042611358907660383,0.020625704758334713,0.088124999999999995,True,False
DGP-N,84,successful,0.0148514630808909,0.0173436231772,8000,0.0069724791786240255,0.0012062525720745332,0.018139439236600618,0.032625000000000001,True,False
DGP-N,85,successful,0.0208679267848557,0.0173436231772,8000,0.0051581435010468807,0.00063992656799079716,0.014970859909698764,0.011625,False,False
DGP-N,86,successful,0.0157822487583558,0.0173436231772,8000,0.0048581301526017581,0.00068600405261247724,0.013919540454046503,0.0040000000000000001,False,False
DGP-N,87,successful,0.015600581358052701,0.0173436231772,8000,0.011734318090310961,0.0041028557631262287,0.024190915658485034,0.16925000000000001,True,False
DGP-N,88,successful,0.014115498454489801,0.0173436231772,8000,0.018211580397240145,0.0082590208248188111,0.03223802673861615,0.56037499999999996,True,False
DGP-N,89,successful,0.0104127506878074,0.0173436231772,8000,0.011862541239859473,0.0043440180109928176,0.022993717495002845,0.14812500000000001,True,False
DGP-N,90,successful,0.015002094014849501,0.0173436231772,8000,0.01636442923475416,0.0076600852976828468,0.028673649110949207,0.42999999999999999,True,False
DGP-N,91,successful,0.0161094708736341,0.0173436231772,8000,0.021162542571742396,0.009521039937669706,0.038131534555725002,0.70850000000000002,True,False
DGP-N,92,successful,0.016546776948110801,0.0173436231772,8000,0.013629906525731875,0.0043951330746610029,0.027907075365725429,0.28050000000000003,True,False
DGP-N,93,successful,0.016998184922108101,0.0173436231772,8000,0.015416795403461478,0.0060868554436634779,0.029080332631099218,0.38,True,False
DGP-N,94,successful,0.0215026687189727,0.0173436231772,8000,0.014015757098548069,0.0041433526039565014,0.029973778009347002,0.31924999999999998,True,False
DGP-N,95,successful,0.014469100473014,0.0173436231772,8000,0.016542154678292731,0.0068947982145670765,0.030163655695459125,0.44224999999999998,True,False
DGP-N,96,successful,0.017079416668409599,0.0173436231772,8000,0.0099885556600317234,0.0025380842831002411,0.02254332121229859,0.1105,True,False
DGP-N,97,successful,0.0234765008744191,0.0173436231772,8000,0.04215820916725057,0.020976021497329425,0.071202141342006323,0.99062499999999998,True,True
DGP-N,98,successful,0.015382605259632099,0.0173436231772,8000,0.0042556428027510518,0.0006773112977099139,0.0114535389682164,0.00075000000000000002,False,False
DGP-N,99,successful,0.014699979858782099,0.0173436231772,8000,0.015762877693106289,0.005209844854159873,0.031468353466114971,0.40925,True,False
DGP-N,100,successful,0.018166868432557201,0.0173436231772,8000,0.013367976666774792,0.0041364314069140618,0.027352663448630701,0.25712499999999999,True,False
DGP-N,101,successful,0.021721884246428499,0.0173436231772,8000,0.015518830464434568,0.0049573969878178737,0.032282885781830688,0.40200000000000002,True,False
DGP-N,102,successful,0.013323342341230299,0.0173436231772,8000,0.010584031604704327,0.0040670106877706228,0.019997481488663909,0.069250000000000006,True,False
DGP-N,103,successful,0.019291201243572201,0.0173436231772,8000,0.021728548484099372,0.0099798838512015816,0.037579207902031744,0.74512500000000004,True,False
DGP-N,104,successful,0.021566318567636002,0.0173436231772,8000,0.013429933736291852,0.0035269859514675383,0.029679582461758343,0.28987499999999999,True,False
DGP-N,105,successful,0.0183535192186326,0.0173436231772,8000,0.020511037147109432,0.0088131703080395127,0.036823289828653682,0.67862500000000003,True,False
DGP-N,106,successful,0.018322796382873902,0.0173436231772,8000,0.0076503454761788214,0.0015815639957812459,0.019188127791842844,0.046625,True,False
DGP-N,107,successful,0.026589706592943001,0.0173436231772,8000,0.027013555112939663,0.011200549069853821,0.049405192383771133,0.86537500000000001,True,False
DGP-N,108,successful,0.0126182360122896,0.0173436231772,8000,0.012707375991666048,0.0049535852531560204,0.024400881684037843,0.19612499999999999,True,False
DGP-N,109,successful,0.0127767838397067,0.0173436231772,8000,0.010377900721345954,0.0036430244047908687,0.020506270876435188,0.077875,True,False
DGP-N,110,successful,0.0153537030236861,0.0173436231772,8000,0.0040965055693872572,0.00053547302268088372,0.012438353152808564,0.0023749999999999999,False,False
DGP-N,111,successful,0.015742021697799102,0.0173436231772,8000,0.012704928875051806,0.0038122014069159461,0.027365773417975026,0.24712500000000001,True,False
DGP-N,112,successful,0.022255100727400501,0.0173436231772,8000,0.0075673499250937812,0.001181277293644445,0.020163323724960838,0.053624999999999999,False,False
DGP-N,113,successful,0.021414860980906,0.0173436231772,8000,0.0299036181650165,0.014478932275519694,0.051387903954559458,0.93312499999999998,True,False
DGP-N,114,successful,0.012616233449900101,0.0173436231772,8000,0.0098814143880370034,0.003292814330211718,0.020272985904790757,0.069500000000000006,True,False
DGP-N,115,successful,0.012582889124353101,0.0173436231772,8000,0.0040722310555523673,0.00045029475682289435,0.012105319452202291,0.00175,False,False
DGP-N,116,successful,0.0129434522662132,0.0173436231772,8000,0.0074254498037407846,0.0018845442324582776,0.017526650653797184,0.026624999999999999,True,False
DGP-N,117,successful,0.024944946234666199,0.0173436231772,8000,0.024298590091298769,0.010309084113097786,0.043927770291009346,0.80512499999999998,True,False
DGP-N,118,successful,0.015823503990262899,0.0173436231772,8000,0.024280633357401108,0.011690554274406746,0.041782941194321722,0.83962499999999995,True,False
DGP-N,119,successful,0.0142923899488487,0.0173436231772,8000,0.013194002407370958,0.0050937271057176154,0.024964924222199716,0.2175,True,False
DGP-N,120,successful,0.0128590966161874,0.0173436231772,8000,0.017141549708532385,0.0075536946532259626,0.03103172192978336,0.48512499999999997,True,False
DGP-N,121,successful,0.018681160217096499,0.0173436231772,8000,0.020450758414705394,0.0093873947648904776,0.0360300020978973,0.68537499999999996,True,False
DGP-N,122,successful,0.017355838080287799,0.0173436231772,8000,0.0209901305255219,0.0092159257963722856,0.037587436261759533,0.70650000000000002,True,False
DGP-N,123,successful,0.020042388583568799,0.0173436231772,8000,0.0062590878984046562,0.00094022295637787078,0.016705482945150056,0.020500000000000001,False,False
DGP-N,124,successful,0.017756292738753499,0.0173436231772,8000,0.01292453774581951,0.0041416664642337474,0.026551283516260044,0.24074999999999999,True,False
DGP-N,125,successful,0.012938872959627199,0.0173436231772,8000,0.01260863622778874,0.0046176211803783456,0.024568630602297092,0.18875,True,False
DGP-N,126,successful,0.021426655345677899,0.0173436231772,8000,0.019149838212674353,0.0080239398933164719,0.034547244577655144,0.607375,True,False
DGP-N,127,unsuccessful,0.0171623660112179,0.0173436231772,0,,,,,False,False
DGP-N,128,successful,0.018424797370992101,0.0173436231772,8000,0.03067111627206847,0.015037713983781594,0.052696068144493853,0.94662500000000005,True,False
DGP-N,129,successful,0.016373330072294901,0.0173436231772,8000,0.014170104149560939,0.0053557101309155549,0.027960835427073009,0.302375,True,False
DGP-N,130,successful,0.015631628125104199,0.0173436231772,8000,0.018546921444061802,0.0081904142653573177,0.033782903770839139,0.57725000000000004,True,False
DGP-N,131,successful,0.0123898552825634,0.0173436231772,8000,0.010648006136916804,0.0030756707770653803,0.023119501948094659,0.12725,True,False
DGP-N,132,successful,0.0188105463091,0.0173436231772,8000,0.025140714871307021,0.011931320847774863,0.043128083717040334,0.85512500000000002,True,False
DGP-N,133,successful,0.017634191313469799,0.0173436231772,8000,0.0058729403403094179,0.00089148852881235172,0.016020126157407069,0.014375000000000001,False,False
DGP-N,134,successful,0.025174895997585999,0.0173436231772,8000,0.028889816637654622,0.012931207347198111,0.051437227040363714,0.90825,True,False
DGP-N,135,successful,0.015354752771578301,0.0173436231772,8000,0.019275077297796098,0.0085634235676898159,0.034844660863662842,0.61587499999999995,True,False
DGP-N,136,successful,0.022222967814859901,0.0173436231772,8000,0.013132702333480658,0.0035417472150889241,0.028533906492937137,0.27487499999999998,True,False
DGP-N,137,successful,0.022106805148027799,0.0173436231772,8000,0.015655116827669846,0.0047716610703875274,0.032847274282040151,0.41112500000000002,True,False
DGP-N,138,successful,0.016204917664282101,0.0173436231772,8000,0.011208698503039337,0.0035915586462254598,0.023360786809617874,0.144875,True,False
DGP-N,139,successful,0.018152916835357601,0.0173436231772,8000,0.0085590334522850937,0.0019976359021522936,0.020282764499227661,0.065625000000000003,True,False
DGP-N,140,successful,0.019112482516872701,0.0173436231772,8000,0.015023149055071594,0.0052179257129899535,0.029966299908764385,0.36112499999999997,True,False
DGP-N,141,successful,0.0168617260999923,0.0173436231772,8000,0.020967246497443214,0.0089976677401070754,0.038330702021032607,0.69312499999999999,True,False
DGP-N,142,successful,0.032113599328203901,0.0173436231772,8000,0.019522756961614741,0.0060759475951050685,0.041013684650383082,0.59775,True,False
DGP-N,143,successful,0.019524283806133101,0.0173436231772,8000,0.029594921165005568,0.014463525829859464,0.049896890731292123,0.93374999999999997,True,False
DGP-N,144,successful,0.0235596682117226,0.0173436231772,8000,0.02350042675152899,0.009613831838736377,0.044613325798219527,0.77700000000000002,True,False
DGP-N,145,successful,0.0107458976720203,0.0173436231772,8000,0.013225093011629687,0.005802688717669092,0.023477734018804368,0.201625,True,False
DGP-N,146,successful,0.0274905462258613,0.0173436231772,8000,0.023274323696276078,0.010162762851031714,0.042070358619975358,0.77862500000000001,True,False
DGP-N,147,successful,0.0192068149535853,0.0173436231772,8000,0.020307868363813587,0.0085185401322368653,0.038487488492193279,0.66237500000000005,True,False
DGP-N,148,successful,0.017072733667097498,0.0173436231772,8000,0.02517092772698664,0.011812197863966411,0.043815022512047976,0.85124999999999995,True,False
DGP-N,149,successful,0.020235595237833599,0.0173436231772,8000,0.0073679153265409636,0.0011705499463207892,0.020643077810124269,0.058999999999999997,True,False
DGP-N,150,successful,0.020320972381671899,0.0173436231772,8000,0.015033216348592005,0.0049715870753893471,0.03166634654302615,0.36312499999999998,True,False
DGP-N,151,successful,0.019992610795592201,0.0173436231772,8000,0.0072814966826566874,0.0010518984780551895,0.020181283453124373,0.054125,True,False
DGP-N,152,successful,0.0172870622308448,0.0173436231772,8000,0.014165450787080792,0.0043273730726632936,0.029914628794089546,0.32324999999999998,True,False
DGP-N,153,successful,0.0191140914575804,0.0173436231772,8000,0.028081492667173989,0.01339086956508111,0.047945190687479225,0.91325000000000001,True,False
DGP-N,154,successful,0.0167681692278423,0.0173436231772,8000,0.0062247230998745198,0.0010507609055349588,0.016420556692592719,0.017250000000000001,False,False
DGP-N,155,successful,0.0172855486365956,0.0173436231772,8000,0.015753357868976831,0.0065357245140049303,0.029518385344697837,0.39624999999999999,True,False
DGP-N,156,successful,0.022161137676639499,0.0173436231772,8000,0.03589833074285427,0.018178065481500215,0.059009535499456069,0.98012500000000002,True,True
DGP-N,157,successful,0.0133159474552454,0.0173436231772,8000,0.012626009182860241,0.004847723633373803,0.024365955060581781,0.19025,True,False
DGP-N,158,successful,0.017743404043884799,0.0173436231772,8000,0.016705908466504577,0.0070967904552933217,0.030293921842970136,0.45887499999999998,True,False
DGP-N,159,successful,0.021733186375127798,0.0173436231772,8000,0.025380424551541401,0.011292826544086369,0.045824865063657197,0.84199999999999997,True,False
DGP-N,160,successful,0.017505415145619398,0.0173436231772,8000,0.017053025776679526,0.0068415019271617552,0.031978059479559791,0.48325000000000001,True,False
DGP-N,161,successful,0.020136730889445099,0.0173436231772,8000,0.011037126751664282,0.002892011450040833,0.024536761365994152,0.15912499999999999,True,False
DGP-N,162,successful,0.016779531845961902,0.0173436231772,8000,0.020786135339359628,0.01008657739662574,0.035121071500618543,0.708125,True,False
DGP-N,163,successful,0.014097835752946101,0.0173436231772,8000,0.011097581447810718,0.0038884173196913237,0.021526587554143065,0.10525,True,False
DGP-N,164,successful,0.0148215208794666,0.0173436231772,8000,0.016267832626761722,0.0072168941240841568,0.028979947425645226,0.42499999999999999,True,False
DGP-N,165,successful,0.0177209077117438,0.0173436231772,8000,0.018090813314122246,0.007560891906585137,0.033381799733022792,0.54512499999999997,True,False
DGP-N,166,successful,0.0147368914406295,0.0173436231772,8000,0.013685606108351032,0.0052481878986694128,0.026214130956160327,0.25724999999999998,True,False
DGP-N,167,successful,0.0147746635225528,0.0173436231772,8000,0.01287113388904308,0.0050134126804801185,0.024886498111696038,0.20887500000000001,True,False
DGP-N,168,successful,0.019467508043888901,0.0173436231772,8000,0.025839916196381613,0.0121851707075418,0.045271726346216748,0.86799999999999999,True,False
DGP-N,169,successful,0.015861708757650899,0.0173436231772,8000,0.018088240619572891,0.0072774727860267152,0.033606044629615146,0.54474999999999996,True,False
DGP-N,170,successful,0.014019632262818001,0.0173436231772,8000,0.023458649864898984,0.011116940435070418,0.040314372046929337,0.80225000000000002,True,False
DGP-N,171,successful,0.0180074542280351,0.0173436231772,8000,0.021984847899790147,0.0089432505545135113,0.040232538747148841,0.71912500000000001,True,False
DGP-N,172,successful,0.015869406247011501,0.0173436231772,8000,0.02286607234947827,0.010908978725597695,0.039778020383117042,0.79262500000000002,True,False
DGP-N,173,successful,0.020895925793657101,0.0173436231772,8000,0.021455195293082555,0.0090716128507335476,0.038229247084283949,0.71587500000000004,True,False
DGP-N,174,successful,0.019272216259456201,0.0173436231772,8000,0.020266718403300368,0.0087780059635085127,0.036761171652028968,0.66900000000000004,True,False
DGP-N,175,successful,0.016911968594948999,0.0173436231772,8000,0.024640971036364721,0.011676837104699835,0.042044865632734109,0.84612500000000002,True,False
DGP-N,176,successful,0.017944976940094299,0.0173436231772,8000,0.016410716011579091,0.0065534573114553003,0.030915012604023861,0.44374999999999998,True,False
DGP-N,177,successful,0.015110180440756,0.0173436231772,8000,0.020104413632633607,0.009903987103227492,0.033611802836676342,0.67562500000000003,True,False
DGP-N,178,successful,0.022756805281542499,0.0173436231772,8000,0.012912711821326993,0.003987070261265103,0.027316473634965196,0.254,True,False
DGP-N,179,successful,0.0217195481756997,0.0173436231772,8000,0.030317507880627217,0.014648991066955446,0.051618538081782524,0.93887500000000002,True,False
DGP-N,180,successful,0.0182653555844852,0.0173436231772,8000,0.011575896276879303,0.0033593133756827146,0.024399309197810398,0.166375,True,False
DGP-N,181,successful,0.012145526231910699,0.0173436231772,8000,0.010633276531835722,0.0037483353519589674,0.021060774162072957,0.095375000000000001,True,False
DGP-N,182,successful,0.026942697753668102,0.0173436231772,8000,0.018329793969014452,0.0058611111552970014,0.038742482450298786,0.55249999999999999,True,False
DGP-N,183,successful,0.0174077629044006,0.0173436231772,8000,0.028078714190171147,0.01382176687752986,0.047268841562286494,0.92737499999999995,True,False
DGP-N,184,successful,0.017691746205982201,0.0173436231772,8000,0.012249878446611476,0.0043055543496607895,0.025085916314373718,0.1915,True,False
DGP-N,185,successful,0.0242380751042507,0.0173436231772,8000,0.018448426727455943,0.0069407112975941399,0.036569538550543214,0.5595,True,False
DGP-N,186,successful,0.017407601588166299,0.0173436231772,8000,0.0095971516621999303,0.0026924393582085471,0.021351212657917683,0.079625000000000001,True,False
DGP-N,187,successful,0.024303489814559601,0.0173436231772,8000,0.027862289470241712,0.011685600696851777,0.051644849493219909,0.88062499999999999,True,False
DGP-N,188,successful,0.0162821002319847,0.0173436231772,8000,0.013938054096051512,0.004902159279156099,0.02766689128706298,0.29325000000000001,True,False
DGP-N,189,successful,0.017456521718413099,0.0173436231772,8000,0.022553478284119133,0.010469986051566949,0.038381416489579274,0.77175000000000005,True,False
DGP-N,190,successful,0.023830168786127301,0.0173436231772,8000,0.027014963145462575,0.012362950090970052,0.046992218527829213,0.88837500000000003,True,False
DGP-N,191,successful,0.015230117322817101,0.0173436231772,8000,0.012320670434077381,0.0046966688759698325,0.023633442289736326,0.16375000000000001,True,False
DGP-N,192,successful,0.013881462883899199,0.0173436231772,8000,0.012805912302950648,0.0040788822709496228,0.026330346200527783,0.23474999999999999,True,False
DGP-N,193,successful,0.017656205728736898,0.0173436231772,8000,0.014604675868730772,0.0056664345266482768,0.027687207069536222,0.32087500000000002,True,False
DGP-N,194,successful,0.0157307806039933,0.0173436231772,8000,0.0080353437942290197,0.0015298942550516007,0.020053234880556787,0.056750000000000002,True,False
DGP-N,195,successful,0.017437647084984801,0.0173436231772,8000,0.023899695184583014,0.011140017128958716,0.040895558623271877,0.81112499999999998,True,False
DGP-N,196,successful,0.016101995289965799,0.0173436231772,8000,0.01505377056737256,0.0053590447701988208,0.029557779880811205,0.35562500000000002,True,False
DGP-N,197,successful,0.0125946223599754,0.0173436231772,8000,0.0076166643690383281,0.0021848127461951221,0.016900397138681768,0.02,True,False
DGP-N,198,successful,0.020477569491974899,0.0173436231772,8000,0.012815381976881937,0.0042787531365264088,0.025710600157796835,0.22637499999999999,True,False
DGP-N,199,successful,0.0206919221942975,0.0173436231772,8000,0.037627347125340355,0.020514083396806163,0.058552069739986223,0.99112500000000003,True,True
DGP-N,200,successful,0.019291041389965999,0.0173436231772,8000,0.013515044241194756,0.0048291303224544035,0.026653290464244212,0.25687500000000002,True,False
