dgp_id,replication_id,true_relative_correction_variance_index,true_index_at_least_q_c
DGP-0,1,0.0,False
DGP-0,2,0.0,False
DGP-0,3,0.0,False
DGP-0,4,0.0,False
DGP-0,5,0.0,False
DGP-0,6,0.0,False
DGP-0,7,0.0,False
DGP-0,8,0.0,False
DGP-0,9,0.0,False
DGP-0,10,0.0,False
DGP-0,11,0.0,False
DGP-0,12,0.0,False
DGP-0,13,0.0,False
DGP-0,14,0.0,False
DGP-0,15,0.0,False
DGP-0,16,0.0,False
DGP-0,17,0.0,False
DGP-0,18,0.0,False
DGP-0,19,0.0,False
DGP-0,20,0.0,False
DGP-0,21,0.0,False
DGP-0,22,0.0,False
DGP-0,23,0.0,False
DGP-0,24,0.0,False
DGP-0,25,0.0,False
DGP-0,26,0.0,False
DGP-0,27,0.0,False
DGP-0,28,0.0,False
DGP-0,29,0.0,False
DGP-0,30,0.0,False
DGP-0,31,0.0,False
DGP-0,32,0.0,False
DGP-0,33,0.0,False
DGP-0,34,0.0,False
DGP-0,35,0.0,False
DGP-0,36,0.0,False
DGP-0,37,0.0,False
DGP-0,38,0.0,False
DGP-0,39,0.0,False
DGP-0,40,0.0,False
DGP-0,41,0.0,False
DGP-0,42,0.0,False
DGP-0,43,0.0,False
DGP-0,44,0.0,False
DGP-0,45,0.0,False
DGP-0,46,0.0,False
DGP-0,47,0.0,False
DGP-0,48,0.0,False
DGP-0,49,0.0,False
DGP-0,50,0.0,False
DGP-0,51,0.0,False
DGP-0,52,0.0,False
DGP-0,53,0.0,False
DGP-0,54,0.0,False
DGP-0,55,0.0,False
DGP-0,56,0.0,False
DGP-0,57,0.0,False
DGP-0,58,0.0,False
DGP-0,59,0.0,False
DGP-0,60,0.0,False
DGP-0,61,0.0,False
DGP-0,62,0.0,False
DGP-0,63,0.0,False
DGP-0,64,0.0,False
DGP-0,65,0.0,False
DGP-0,66,0.0,False
DGP-0,67,0.0,False
DGP-0,68,0.0,False
DGP-0,69,0.0,False
DGP-0,70,0.0,False
DGP-0,71,0.0,False
DGP-0,72,0.0,False
DGP-0,73,0.0,False
DGP-0,74,0.0,False
DGP-0,75,0.0,False
DGP-0,76,0.0,False
DGP-0,77,0.0,False
DGP-0,78,0.0,False
DGP-0,79,0.0,False
DGP-0,80,0.0,False
DGP-0,81,0.0,False
DGP-0,82,0.0,False
DGP-0,83,0.0,False
DGP-0,84,0.0,False
DGP-0,85,0.0,False
DGP-0,86,0.0,False
DGP-0,87,0.0,False
DGP-0,88,0.0,False
DGP-0,89,0.0,False
DGP-0,90,0.0,False
DGP-0,91,0.0,False
DGP-0,92,0.0,False
DGP-0,93,0.0,False
DGP-0,94,0.0,False
DGP-0,95,0.0,False
DGP-0,96,0.0,False
DGP-0,97,0.0,False
DGP-0,98,0.0,False
DGP-0,99,0.0,False
DGP-0,100,0.0,False
DGP-0,101,0.0,False
DGP-0,102,0.0,False
DGP-0,103,0.0,False
DGP-0,104,0.0,False
DGP-0,105,0.0,False
DGP-0,106,0.0,False
DGP-0,107,0.0,False
DGP-0,108,0.0,False
DGP-0,109,0.0,False
DGP-0,110,0.0,False
DGP-0,111,0.0,False
DGP-0,112,0.0,False
DGP-0,113,0.0,False
DGP-0,114,0.0,False
DGP-0,115,0.0,False
DGP-0,116,0.0,False
DGP-0,117,0.0,False
DGP-0,118,0.0,False
DGP-0,119,0.0,False
DGP-0,120,0.0,False
DGP-0,121,0.0,False
DGP-0,122,0.0,False
DGP-0,123,0.0,False
DGP-0,124,0.0,False
DGP-0,125,0.0,False
DGP-0,126,0.0,False
DGP-0,127,0.0,False
DGP-0,128,0.0,False
DGP-0,129,0.0,False
DGP-0,130,0.0,False
DGP-0,131,0.0,False
DGP-0,132,0.0,False
DGP-0,133,0.0,False
DGP-0,134,0.0,False
DGP-0,135,0.0,False
DGP-0,136,0.0,False
DGP-0,137,0.0,False
DGP-0,138,0.0,False
DGP-0,139,0.0,False
DGP-0,140,0.0,False
DGP-0,141,0.0,False
DGP-0,142,0.0,False
DGP-0,143,0.0,False
DGP-0,144,0.0,False
DGP-0,145,0.0,False
DGP-0,146,0.0,False
DGP-0,147,0.0,False
DGP-0,148,0.0,False
DGP-0,149,0.0,False
DGP-0,150,0.0,False
DGP-0,151,0.0,False
DGP-0,152,0.0,False
DGP-0,153,0.0,False
DGP-0,154,0.0,False
DGP-0,155,0.0,False
DGP-0,156,0.0,False
DGP-0,157,0.0,False
DGP-0,158,0.0,False
DGP-0,159,0.0,False
DGP-0,160,0.0,False
DGP-0,161,0.0,False
DGP-0,162,0.0,False
DGP-0,163,0.0,False
DGP-0,164,0.0,False
DGP-0,165,0.0,False
DGP-0,166,0.0,False
DGP-0,167,0.0,False
DGP-0,168,0.0,False
DGP-0,169,0.0,False
DGP-0,170,0.0,False
DGP-0,171,0.0,False
DGP-0,172,0.0,False
DGP-0,173,0.0,False
DGP-0,174,0.0,False
DGP-0,175,0.0,False
DGP-0,176,0.0,False
DGP-0,177,0.0,False
DGP-0,178,0.0,False
DGP-0,179,0.0,False
DGP-0,180,0.0,False
DGP-0,181,0.0,False
DGP-0,182,0.0,False
DGP-0,183,0.0,False
DGP-0,184,0.0,False
DGP-0,185,0.0,False
DGP-0,186,0.0,False
DGP-0,187,0.0,False
DGP-0,188,0.0,False
DGP-0,189,0.0,False
DGP-0,190,0.0,False
DGP-0,191,0.0,False
DGP-0,192,0.0,False
DGP-0,193,0.0,False
DGP-0,194,0.0,False
DGP-0,195,0.0,False
DGP-0,196,0.0,False
DGP-0,197,0.0,False
DGP-0,198,0.0,False
DGP-0,199,0.0,False
DGP-0,200,0.0,False
DGP-N,1,0.014549321383605374,False
DGP-N,2,0.02486299439558005,True
DGP-N,3,0.022786970825793784,True
DGP-N,4,0.014119070995314665,False
DGP-N,5,0.024863229128841348,True
DGP-N,6,0.01608900090659605,False
DGP-N,7,0.013545680352784438,False
DGP-N,8,0.01770270325658969,True
DGP-N,9,0.01862555554226135,True
DGP-N,10,0.013685186871907985,False
DGP-N,11,0.01893954982617379,True
DGP-N,12,0.01531875780181123,False
DGP-N,13,0.014899910001505439,False
DGP-N,14,0.015209272922124283,False
DGP-N,15,0.01434645108467083,False
DGP-N,16,0.014076001605065726,False
DGP-N,17,0.0164026207547352,False
DGP-N,18,0.017934764973190492,True
DGP-N,19,0.01311870575600108,False
DGP-N,20,0.016730464211554726,False
DGP-N,21,0.016969991389374252,False
DGP-N,22,0.010796535053292035,False
DGP-N,23,0.018813616026484254,True
DGP-N,24,0.01633983445417238,False
DGP-N,25,0.015276115732775215,False
DGP-N,26,0.015389733137914363,False
DGP-N,27,0.013562376136403511,False
DGP-N,28,0.014010796042221446,False
DGP-N,29,0.018894609020596576,True
DGP-N,30,0.01867790447339445,True
DGP-N,31,0.017238660372208607,False
DGP-N,32,0.016936079694297827,False
DGP-N,33,0.015539409180688968,False
DGP-N,34,0.020129287854068176,True
DGP-N,35,0.024191080576459526,True
DGP-N,36,0.017278367897519582,False
DGP-N,37,0.016650703227569938,False
DGP-N,38,0.016649485642485872,False
DGP-N,39,0.018509429342481818,True
DGP-N,40,0.012488773369610127,False
DGP-N,41,0.015431798403444476,False
DGP-N,42,0.01913579366182541,True
DGP-N,43,0.024028295564829,True
DGP-N,44,0.01909865615030165,True
DGP-N,45,0.01581084340071315,False
DGP-N,46,0.018287724383408407,True
DGP-N,47,0.021532574228742107,True
DGP-N,48,0.014030246347660697,False
DGP-N,49,0.018579732503777566,True
DGP-N,50,0.01558106535826937,False
DGP-N,51,0.01704138236326437,False
DGP-N,52,0.016236318927165132,False
DGP-N,53,0.020121624189309,True
DGP-N,54,0.014347359916327903,False
DGP-N,55,0.014146878385161994,False
DGP-N,56,0.018665352991245027,True
DGP-N,57,0.01609784897333997,False
DGP-N,58,0.01928044665797239,True
DGP-N,59,0.017160713041983876,False
DGP-N,60,0.0172343458777076,False
DGP-N,61,0.020364168715146617,True
DGP-N,62,0.028849828178613385,True
DGP-N,63,0.01598835527795771,False
DGP-N,64,0.0196620409460637,True
DGP-N,65,0.018736613864405206,True
DGP-N,66,0.020736019114466035,True
DGP-N,67,0.017718830733291176,True
DGP-N,68,0.01669019187547497,False
DGP-N,69,0.016301311854630057,False
DGP-N,70,0.013016491612009748,False
DGP-N,71,0.019085761785499235,True
DGP-N,72,0.022022072765629206,True
DGP-N,73,0.022411486695190667,True
DGP-N,74,0.014381570661905145,False
DGP-N,75,0.02035547524630354,True
DGP-N,76,0.020317783198313004,True
DGP-N,77,0.019677469917851808,True
DGP-N,78,0.01823808702757106,True
DGP-N,79,0.01831733947497957,True
DGP-N,80,0.018308710354968075,True
DGP-N,81,0.021109501376361986,True
DGP-N,82,0.014690226349218318,False
DGP-N,83,0.013305998513617925,False
DGP-N,84,0.014851463080890921,False
DGP-N,85,0.020867926784855717,True
DGP-N,86,0.015782248758355863,False
DGP-N,87,0.015600581358052762,False
DGP-N,88,0.014115498454489863,False
DGP-N,89,0.010412750687807497,False
DGP-N,90,0.015002094014849556,False
DGP-N,91,0.016109470873634176,False
DGP-N,92,0.016546776948110888,False
DGP-N,93,0.016998184922108108,False
DGP-N,94,0.021502668718972755,True
DGP-N,95,0.014469100473014076,False
DGP-N,96,0.017079416668409668,False
DGP-N,97,0.02347650087441919,True
DGP-N,98,0.015382605259632172,False
DGP-N,99,0.014699979858782106,False
DGP-N,100,0.018166868432557295,True
DGP-N,101,0.0217218842464285,True
DGP-N,102,0.013323342341230317,False
DGP-N,103,0.01929120124357221,True
DGP-N,104,0.021566318567636005,True
DGP-N,105,0.018353519218632687,True
DGP-N,106,0.018322796382873954,True
DGP-N,107,0.02658970659294306,True
DGP-N,108,0.012618236012289601,False
DGP-N,109,0.012776783839706712,False
DGP-N,110,0.01535370302368619,False
DGP-N,111,0.015742021697799164,False
DGP-N,112,0.0222551007274005,True
DGP-N,113,0.021414860980906024,True
DGP-N,114,0.012616233449900123,False
DGP-N,115,0.012582889124353111,False
DGP-N,116,0.01294345226621324,False
DGP-N,117,0.024944946234666233,True
DGP-N,118,0.01582350399026293,False
DGP-N,119,0.014292389948848752,False
DGP-N,120,0.012859096616187483,False
DGP-N,121,0.018681160217096527,True
DGP-N,122,0.01735583808028785,True
DGP-N,123,0.02004238858356886,True
DGP-N,124,0.017756292738753572,True
DGP-N,125,0.012938872959627295,False
DGP-N,126,0.02142665534567794,True
DGP-N,127,0.01716236601121797,False
DGP-N,128,0.01842479737099215,True
DGP-N,129,0.016373330072294984,False
DGP-N,130,0.01563162812510423,False
DGP-N,131,0.012389855282563493,False
DGP-N,132,0.018810546309100038,True
DGP-N,133,0.017634191313469823,True
DGP-N,134,0.02517489599758601,True
DGP-N,135,0.015354752771578342,False
DGP-N,136,0.022222967814859915,True
DGP-N,137,0.022106805148027864,True
DGP-N,138,0.016204917664282174,False
DGP-N,139,0.01815291683535767,True
DGP-N,140,0.019112482516872777,True
DGP-N,141,0.016861726099992338,False
DGP-N,142,0.032113599328203964,True
DGP-N,143,0.019524283806133115,True
DGP-N,144,0.023559668211722652,True
DGP-N,145,0.010745897672020365,False
DGP-N,146,0.02749054622586136,True
DGP-N,147,0.01920681495358537,True
DGP-N,148,0.017072733667097516,False
DGP-N,149,0.020235595237833602,True
DGP-N,150,0.02032097238167197,True
DGP-N,151,0.019992610795592298,True
DGP-N,152,0.01728706223084489,False
DGP-N,153,0.019114091457580498,True
DGP-N,154,0.016768169227842394,False
DGP-N,155,0.017285548636595673,False
DGP-N,156,0.022161137676639596,True
DGP-N,157,0.013315947455245458,False
DGP-N,158,0.017743404043884855,True
DGP-N,159,0.021733186375127805,True
DGP-N,160,0.017505415145619492,True
DGP-N,161,0.02013673088944513,True
DGP-N,162,0.016779531845961985,False
DGP-N,163,0.014097835752946146,False
DGP-N,164,0.014821520879466697,False
DGP-N,165,0.017720907711743825,True
DGP-N,166,0.014736891440629582,False
DGP-N,167,0.014774663522552895,False
DGP-N,168,0.01946750804388891,True
DGP-N,169,0.015861708757650993,False
DGP-N,170,0.014019632262818008,False
DGP-N,171,0.018007454228035187,True
DGP-N,172,0.015869406247011525,False
DGP-N,173,0.020895925793657108,True
DGP-N,174,0.019272216259456236,True
DGP-N,175,0.01691196859494907,False
DGP-N,176,0.017944976940094372,True
DGP-N,177,0.015110180440756078,False
DGP-N,178,0.022756805281542596,True
DGP-N,179,0.021719548175699762,True
DGP-N,180,0.018265355584485242,True
DGP-N,181,0.01214552623191079,False
DGP-N,182,0.026942697753668105,True
DGP-N,183,0.017407762904400638,True
DGP-N,184,0.01769174620598221,True
DGP-N,185,0.0242380751042507,True
DGP-N,186,0.01740760158816637,True
DGP-N,187,0.024303489814559667,True
DGP-N,188,0.01628210023198477,False
DGP-N,189,0.01745652171841318,True
DGP-N,190,0.02383016878612733,True
DGP-N,191,0.015230117322817148,False
DGP-N,192,0.013881462883899225,False
DGP-N,193,0.017656205728736975,True
DGP-N,194,0.0157307806039933,False
DGP-N,195,0.017437647084984895,True
DGP-N,196,0.01610199528996587,False
DGP-N,197,0.01259462235997546,False
DGP-N,198,0.02047756949197495,True
DGP-N,199,0.02069192219429754,True
DGP-N,200,0.019291041389966027,True
