dgp_id,replication_id,fit_outcome
DGP-0,1,successful
DGP-0,2,successful
DGP-0,3,successful
DGP-0,4,successful
DGP-0,5,successful
DGP-0,6,successful
DGP-0,7,successful
DGP-0,8,successful
DGP-0,9,successful
DGP-0,10,successful
DGP-0,11,successful
DGP-0,12,successful
DGP-0,13,successful
DGP-0,14,successful
DGP-0,15,successful
DGP-0,16,successful
DGP-0,17,successful
DGP-0,18,successful
DGP-0,19,successful
DGP-0,20,successful
DGP-0,21,successful
DGP-0,22,successful
DGP-0,23,successful
DGP-0,24,successful
DGP-0,25,successful
DGP-0,26,successful
DGP-0,27,successful
DGP-0,28,successful
DGP-0,29,successful
DGP-0,30,successful
DGP-0,31,successful
DGP-0,32,successful
DGP-0,33,successful
DGP-0,34,successful
DGP-0,35,successful
DGP-0,36,successful
DGP-0,37,successful
DGP-0,38,successful
DGP-0,39,successful
DGP-0,40,successful
DGP-0,41,successful
DGP-0,42,successful
DGP-0,43,successful
DGP-0,44,successful
DGP-0,45,successful
DGP-0,46,successful
DGP-0,47,successful
DGP-0,48,successful
DGP-0,49,successful
DGP-0,50,successful
DGP-0,51,successful
DGP-0,52,successful
DGP-0,53,successful
DGP-0,54,successful
DGP-0,55,successful
DGP-0,56,successful
DGP-0,57,successful
DGP-0,58,successful
DGP-0,59,successful
DGP-0,60,successful
DGP-0,61,successful
DGP-0,62,successful
DGP-0,63,successful
DGP-0,64,successful
DGP-0,65,successful
DGP-0,66,successful
DGP-0,67,successful
DGP-0,68,successful
DGP-0,69,successful
DGP-0,70,successful
DGP-0,71,successful
DGP-0,72,successful
DGP-0,73,successful
DGP-0,74,successful
DGP-0,75,successful
DGP-0,76,successful
DGP-0,77,successful
DGP-0,78,successful
DGP-0,79,successful
DGP-0,80,successful
DGP-0,81,successful
DGP-0,82,successful
DGP-0,83,successful
DGP-0,84,successful
DGP-0,85,successful
DGP-0,86,successful
DGP-0,87,successful
DGP-0,88,successful
DGP-0,89,successful
DGP-0,90,successful
DGP-0,91,successful
DGP-0,92,successful
DGP-0,93,successful
DGP-0,94,successful
DGP-0,95,successful
DGP-0,96,successful
DGP-0,97,successful
DGP-0,98,successful
DGP-0,99,successful
DGP-0,100,successful
DGP-0,101,successful
DGP-0,102,successful
DGP-0,103,successful
DGP-0,104,successful
DGP-0,105,successful
DGP-0,106,successful
DGP-0,107,successful
DGP-0,108,successful
DGP-0,109,successful
DGP-0,110,successful
DGP-0,111,successful
DGP-0,112,successful
DGP-0,113,successful
DGP-0,114,successful
DGP-0,115,successful
DGP-0,116,successful
DGP-0,117,successful
DGP-0,118,successful
DGP-0,119,successful
DGP-0,120,successful
DGP-0,121,successful
DGP-0,122,successful
DGP-0,123,successful
DGP-0,124,successful
DGP-0,125,successful
DGP-0,126,successful
DGP-0,127,successful
DGP-0,128,successful
DGP-0,129,successful
DGP-0,130,successful
DGP-0,131,successful
DGP-0,132,successful
DGP-0,133,successful
DGP-0,134,successful
DGP-0,135,successful
DGP-0,136,successful
DGP-0,137,successful
DGP-0,138,successful
DGP-0,139,successful
DGP-0,140,successful
DGP-0,141,successful
DGP-0,142,successful
DGP-0,143,successful
DGP-0,144,successful
DGP-0,145,successful
DGP-0,146,successful
DGP-0,147,successful
DGP-0,148,successful
DGP-0,149,successful
DGP-0,150,successful
DGP-0,151,successful
DGP-0,152,successful
DGP-0,153,successful
DGP-0,154,successful
DGP-0,155,successful
DGP-0,156,successful
DGP-0,157,successful
DGP-0,158,successful
DGP-0,159,successful
DGP-0,160,successful
DGP-0,161,successful
DGP-0,162,successful
DGP-0,163,successful
DGP-0,164,successful
DGP-0,165,successful
DGP-0,166,successful
DGP-0,167,successful
DGP-0,168,successful
DGP-0,169,successful
DGP-0,170,successful
DGP-0,171,successful
DGP-0,172,successful
DGP-0,173,successful
DGP-0,174,successful
DGP-0,175,successful
DGP-0,176,successful
DGP-0,177,successful
DGP-0,178,successful
DGP-0,179,successful
DGP-0,180,successful
DGP-0,181,successful
DGP-0,182,successful
DGP-0,183,successful
DGP-0,184,successful
DGP-0,185,successful
DGP-0,186,successful
DGP-0,187,successful
DGP-0,188,successful
DGP-0,189,successful
DGP-0,190,successful
DGP-0,191,successful
DGP-0,192,successful
DGP-0,193,successful
DGP-0,194,successful
DGP-0,195,successful
DGP-0,196,successful
DGP-0,197,successful
DGP-0,198,successful
DGP-0,199,successful
DGP-0,200,successful
DGP-N,1,successful
DGP-N,2,successful
DGP-N,3,successful
DGP-N,4,successful
DGP-N,5,successful
DGP-N,6,successful
DGP-N,7,successful
DGP-N,8,successful
DGP-N,9,successful
DGP-N,10,successful
DGP-N,11,successful
DGP-N,12,successful
DGP-N,13,successful
DGP-N,14,successful
DGP-N,15,successful
DGP-N,16,successful
DGP-N,17,successful
DGP-N,18,successful
DGP-N,19,successful
DGP-N,20,successful
DGP-N,21,successful
DGP-N,22,successful
DGP-N,23,successful
DGP-N,24,successful
DGP-N,25,successful
DGP-N,26,successful
DGP-N,27,successful
DGP-N,28,successful
DGP-N,29,successful
DGP-N,30,successful
DGP-N,31,successful
DGP-N,32,successful
DGP-N,33,successful
DGP-N,34,successful
DGP-N,35,successful
DGP-N,36,successful
DGP-N,37,successful
DGP-N,38,successful
DGP-N,39,successful
DGP-N,40,successful
DGP-N,41,successful
DGP-N,42,successful
DGP-N,43,successful
DGP-N,44,successful
DGP-N,45,successful
DGP-N,46,successful
DGP-N,47,successful
DGP-N,48,successful
DGP-N,49,successful
DGP-N,50,successful
DGP-N,51,successful
DGP-N,52,unsuccessful
DGP-N,53,successful
DGP-N,54,successful
DGP-N,55,successful
DGP-N,56,successful
DGP-N,57,successful
DGP-N,58,successful
DGP-N,59,successful
DGP-N,60,successful
DGP-N,61,successful
DGP-N,62,successful
DGP-N,63,successful
DGP-N,64,successful
DGP-N,65,successful
DGP-N,66,successful
DGP-N,67,successful
DGP-N,68,successful
DGP-N,69,successful
DGP-N,70,successful
DGP-N,71,successful
DGP-N,72,successful
DGP-N,73,successful
DGP-N,74,successful
DGP-N,75,successful
DGP-N,76,successful
DGP-N,77,successful
DGP-N,78,successful
DGP-N,79,successful
DGP-N,80,successful
DGP-N,81,successful
DGP-N,82,successful
DGP-N,83,successful
DGP-N,84,successful
DGP-N,85,successful
DGP-N,86,successful
DGP-N,87,successful
DGP-N,88,successful
DGP-N,89,successful
DGP-N,90,successful
DGP-N,91,successful
DGP-N,92,successful
DGP-N,93,successful
DGP-N,94,successful
DGP-N,95,successful
DGP-N,96,successful
DGP-N,97,successful
DGP-N,98,successful
DGP-N,99,successful
DGP-N,100,successful
DGP-N,101,successful
DGP-N,102,successful
DGP-N,103,successful
DGP-N,104,successful
DGP-N,105,successful
DGP-N,106,successful
DGP-N,107,successful
DGP-N,108,successful
DGP-N,109,successful
DGP-N,110,successful
DGP-N,111,successful
DGP-N,112,successful
DGP-N,113,successful
DGP-N,114,successful
DGP-N,115,successful
DGP-N,116,successful
DGP-N,117,successful
DGP-N,118,successful
DGP-N,119,successful
DGP-N,120,successful
DGP-N,121,successful
DGP-N,122,successful
DGP-N,123,successful
DGP-N,124,successful
DGP-N,125,successful
DGP-N,126,successful
DGP-N,127,unsuccessful
DGP-N,128,successful
DGP-N,129,successful
DGP-N,130,successful
DGP-N,131,successful
DGP-N,132,successful
DGP-N,133,successful
DGP-N,134,successful
DGP-N,135,successful
DGP-N,136,successful
DGP-N,137,successful
DGP-N,138,successful
DGP-N,139,successful
DGP-N,140,successful
DGP-N,141,successful
DGP-N,142,successful
DGP-N,143,successful
DGP-N,144,successful
DGP-N,145,successful
DGP-N,146,successful
DGP-N,147,successful
DGP-N,148,successful
DGP-N,149,successful
DGP-N,150,successful
DGP-N,151,successful
DGP-N,152,successful
DGP-N,153,successful
DGP-N,154,successful
DGP-N,155,successful
DGP-N,156,successful
DGP-N,157,successful
DGP-N,158,successful
DGP-N,159,successful
DGP-N,160,successful
DGP-N,161,successful
DGP-N,162,successful
DGP-N,163,successful
DGP-N,164,successful
DGP-N,165,successful
DGP-N,166,successful
DGP-N,167,successful
DGP-N,168,successful
DGP-N,169,successful
DGP-N,170,successful
DGP-N,171,successful
DGP-N,172,successful
DGP-N,173,successful
DGP-N,174,successful
DGP-N,175,successful
DGP-N,176,successful
DGP-N,177,successful
DGP-N,178,successful
DGP-N,179,successful
DGP-N,180,successful
DGP-N,181,successful
DGP-N,182,successful
DGP-N,183,successful
DGP-N,184,successful
DGP-N,185,successful
DGP-N,186,successful
DGP-N,187,successful
DGP-N,188,successful
DGP-N,189,successful
DGP-N,190,successful
DGP-N,191,successful
DGP-N,192,successful
DGP-N,193,successful
DGP-N,194,successful
DGP-N,195,successful
DGP-N,196,successful
DGP-N,197,successful
DGP-N,198,successful
DGP-N,199,successful
DGP-N,200,successful
