dgp_id,replication_id,fit_outcome,sampling_runs,last_adapt_delta,divergences,max_rhat,min_bulk_ess,min_tail_ess,min_bfmi,treedepth_fraction,max_mcse_over_sd,median_n_leapfrog,median_stepsize
DGP-0,1,successful,1,0.95,0,1.00457,2482.3,4069.12,0.8890417290086491,0.0,0.0201271275391549,127.0,0.03731415
DGP-0,2,successful,1,0.95,0,1.0038,2204.82,3710.92,0.8975652490852152,0.0,0.0214532323288278,63.0,0.0530153
DGP-0,3,successful,1,0.95,0,1.00382,1999.11,3602.18,0.9164705417412736,0.0,0.0223839802211461,63.0,0.0540644
DGP-0,4,successful,1,0.95,0,1.00417,2379.69,3807.14,0.8313668041804125,0.0,0.0205780002455464,127.0,0.0487073499999999
DGP-0,5,successful,1,0.95,0,1.00367,2010.32,3325.78,0.9140710554114748,0.0,0.0222796616024268,63.0,0.05309355
DGP-0,6,successful,1,0.95,0,1.00498,2327.63,3553.13,0.8885060571992007,0.0,0.0207437639683224,127.0,0.04012245
DGP-0,7,successful,1,0.95,0,1.00614,2223.35,3979.56,0.899465624392034,0.0,0.0220846003982717,127.0,0.0424808
DGP-0,8,successful,1,0.95,0,1.00474,2558.55,3791.42,0.9487674492315912,0.0,0.0197574142479114,127.0,0.0439296
DGP-0,9,successful,1,0.95,0,1.00484,2412.96,3222.92,0.8672106627994656,0.0,0.020403101697767,127.0,0.04178245
DGP-0,10,successful,1,0.95,0,1.00449,2029.37,3477.5,0.8765560283128164,0.0,0.0222597143025101,127.0,0.04324855
DGP-0,11,successful,1,0.95,0,1.00439,1912.54,3901.95,0.9350103678989402,0.0,0.0229327643346801,127.0,0.0457255
DGP-0,12,successful,1,0.95,0,1.00399,2345.75,4104.78,0.9068449093041524,0.0,0.0207279468523658,127.0,0.04152525
DGP-0,13,successful,1,0.95,0,1.00487,2440.27,3701.34,0.9027911117438084,0.0,0.0202232016357383,127.0,0.0400996
DGP-0,14,successful,1,0.95,0,1.00498,2308.26,3823.28,0.8606416297203968,0.0,0.0209577239321836,127.0,0.04310595
DGP-0,15,successful,1,0.95,0,1.00477,2156.73,4044.61,0.8846453321910225,0.0,0.0215847869363662,127.0,0.03627215
DGP-0,16,successful,1,0.95,0,1.00592,2371.96,4031.06,0.9135297823839283,0.0,0.0206069327310151,127.0,0.0415762
DGP-0,17,successful,1,0.95,0,1.00399,2097.97,3618.34,0.903188943411384,0.0,0.0218603071883675,95.0,0.04733375
DGP-0,18,successful,1,0.95,0,1.00434,2200.27,3586.07,0.8936771413266171,0.0,0.0212745251095355,127.0,0.04651735
DGP-0,19,successful,1,0.95,0,1.00429,2451.4,3837.22,0.9082726792981178,0.0,0.0202297476946027,127.0,0.0420558
DGP-0,20,successful,1,0.95,0,1.00433,2409.25,3865.18,0.9297086596162432,0.0,0.0204320234971349,127.0,0.04130635
DGP-0,21,successful,1,0.95,0,1.00423,2312.96,4098.82,0.867638952445527,0.0,0.020879777351263,127.0,0.04560725
DGP-0,22,successful,1,0.95,0,1.005,2189.54,3922.79,0.9027923012281144,0.0,0.0214219067660591,127.0,0.0333945999999999
DGP-0,23,successful,1,0.95,0,1.00486,2679.22,3986.72,0.911403629413236,0.0,0.0193480962110918,127.0,0.04321395
DGP-0,24,successful,1,0.95,0,1.00452,2938.06,4350.89,0.9236125391860828,0.0,0.018456716799766,127.0,0.05001185
DGP-0,25,successful,1,0.95,0,1.00657,2143.93,3403.43,0.9165918213794458,0.0,0.0215534219229508,127.0,0.0386503
DGP-0,26,successful,1,0.95,0,1.00428,2487.57,3702.65,0.8773683236899481,0.0,0.0201101021013215,127.0,0.0348573499999999
DGP-0,27,successful,1,0.95,0,1.00572,2452.4,3643.87,0.8588839136759775,0.0,0.0202267843684354,127.0,0.04094815
DGP-0,28,successful,1,0.95,0,1.00515,2461.35,4037.89,0.9127691652038809,0.0,0.0201882581568988,127.0,0.04346365
DGP-0,29,successful,1,0.95,0,1.00334,2149.8,2959.58,0.9133132152344589,0.0,0.022025966649085,63.0,0.0517596
DGP-0,30,successful,1,0.95,0,1.00374,1786.25,2932.06,0.9144636540234354,0.0,0.0236247009945864,63.0,0.05700615
DGP-0,31,successful,1,0.95,0,1.00426,2267.85,3631.6,0.8787598600879782,0.0,0.0210898406084362,127.0,0.03926285
DGP-0,32,successful,1,0.95,0,1.00376,2207.62,3485.01,0.8908575205412772,0.0,0.0215649954143077,127.0,0.0373422
DGP-0,33,successful,1,0.95,0,1.00341,1863.06,3255.95,0.8888924802841863,0.0,0.0233057106121425,63.0,0.05844355
DGP-0,34,successful,1,0.95,0,1.00498,2448.01,3272.29,0.9618936719011516,0.0,0.0202551928182057,127.0,0.04448315
DGP-0,35,successful,1,0.95,0,1.00402,1809.18,3134.16,0.9000364234210915,0.0,0.0235055291931729,63.0,0.05214185
DGP-0,36,successful,1,0.95,0,1.00396,2363.06,3260.63,0.900030130980885,0.0,0.0210110012323784,95.0,0.0503008999999999
DGP-0,37,successful,1,0.95,0,1.00419,2294.49,3791.48,0.9164182452390838,0.0,0.0209816535523237,127.0,0.0364623
DGP-0,38,successful,1,0.95,0,1.00433,2553.04,3743.58,0.9304123516247078,0.0,0.0198558719544611,127.0,0.0463733999999999
DGP-0,39,successful,1,0.95,0,1.0048,2445.1,3973.21,0.8882508690898607,0.0,0.0202702268685238,127.0,0.048212
DGP-0,40,successful,1,0.95,0,1.00698,2412.74,3868.55,0.8791180609573221,0.0,0.0203978052404242,127.0,0.03709305
DGP-0,41,successful,1,0.95,0,1.00473,2144.15,3664.36,0.8663017965114618,0.0,0.0217786620892674,127.0,0.0412463
DGP-0,42,successful,1,0.95,0,1.00441,2062.8,1799.69,0.8712260469036254,0.0,0.023508101911101,127.0,0.0368966
DGP-0,43,successful,1,0.95,0,1.00472,1816.54,3838.69,0.91694747006236,0.0,0.0235573686894441,63.0,0.0505966999999999
DGP-0,44,successful,1,0.95,0,1.00395,2535.26,3853.97,0.9225382085273948,0.0,0.0198733483073311,127.0,0.04533435
DGP-0,45,successful,1,0.95,0,1.0064,2578.92,3740.55,0.933550492106803,0.0,0.0197084991300167,127.0,0.03552275
DGP-0,46,successful,1,0.95,0,1.00445,2051.44,3478.63,0.9107807432813976,0.0,0.0221701911175026,127.0,0.0466734
DGP-0,47,successful,1,0.95,0,1.00389,2201.68,3613.96,0.9302478777705576,0.0,0.0211915909628663,63.0,0.05798835
DGP-0,48,successful,1,0.95,0,1.00544,2153.69,3401.82,0.8724725971354711,0.0,0.021662057872718,127.0,0.04003865
DGP-0,49,successful,1,0.95,0,1.00394,2321.79,4061.66,0.8740853703989453,0.0,0.0206577238475872,63.0,0.0531019
DGP-0,50,successful,1,0.95,0,1.00545,2028.24,3005.03,0.9246617009663756,0.0,0.0222860710282495,127.0,0.03968185
DGP-0,51,successful,1,0.95,0,1.00357,2155.24,3455.33,0.9018616247084846,0.0,0.0216554339233315,95.0,0.0496247499999999
DGP-0,52,successful,1,0.95,0,1.00469,2123.01,3434.52,0.8740240726420899,0.0,0.0217225143941587,127.0,0.04070355
DGP-0,53,successful,1,0.95,0,1.00398,2422.59,3472.43,0.8972856137367572,0.0,0.0204220931115971,127.0,0.0464428
DGP-0,54,successful,1,0.95,0,1.00458,2309.33,3746.85,0.9046907048132384,0.0,0.020812006729947,127.0,0.03736395
DGP-0,55,successful,1,0.95,0,1.00774,2558.75,3630.54,0.9412211865606231,0.0,0.0198224227458786,127.0,0.04287555
DGP-0,56,successful,1,0.95,0,1.00489,2086.87,3450.65,0.8621559529754016,0.0,0.0218250057532726,127.0,0.0409252499999999
DGP-0,57,successful,1,0.95,0,1.0054,2434.35,3906.69,0.941222961757178,0.0,0.0203202212901329,127.0,0.03775135
DGP-0,58,successful,1,0.95,0,1.00481,2506.04,3729.32,0.8782398520337836,0.0,0.0199388197869505,95.0,0.05095805
DGP-0,59,successful,1,0.95,0,1.00397,2304.21,4283.16,0.8828556671444276,0.0,0.0208077502396275,127.0,0.0460135
DGP-0,60,successful,1,0.95,0,1.00499,2201.32,3523.42,0.8933280861778955,0.0,0.0213330338972271,127.0,0.04424865
DGP-0,61,successful,1,0.95,0,1.00423,2602.11,4070.2,0.9004054828064685,0.0,0.01961728263428,127.0,0.04044645
DGP-0,62,successful,1,0.95,0,1.00429,1978.12,2538.93,0.918531500048202,0.0,0.0225622658013877,63.0,0.0634798
DGP-0,63,successful,1,0.95,0,1.00422,2319.93,4007.92,0.8996858708336358,0.0,0.0207864666842564,127.0,0.04391105
DGP-0,64,successful,1,0.95,0,1.00478,2283.48,4018.25,0.8662579041903727,0.0,0.0209601581295983,127.0,0.0449585
DGP-0,65,successful,1,0.95,0,1.0038,1643.76,3380.28,0.8760914831457555,0.0,0.0247657485809993,95.0,0.0495624999999999
DGP-0,66,successful,1,0.95,0,1.00501,2658.08,3931.1,0.9156345951022028,0.0,0.0194279506719341,127.0,0.04421385
DGP-0,67,successful,1,0.95,0,1.00375,2169.29,3997.68,0.8946239418919468,0.0,0.0215276717803146,127.0,0.04615425
DGP-0,68,successful,1,0.95,0,1.00507,2689.31,3967.42,0.9255305644138296,0.0,0.0193058622473525,127.0,0.046345
DGP-0,69,successful,1,0.95,0,1.00548,2444.84,3872.4,0.9246000605189104,0.0,0.0203727925425293,127.0,0.0405479
DGP-0,70,successful,1,0.95,0,1.00433,2639.83,4092.07,0.8797251607019089,0.0,0.0195453110841876,127.0,0.03712935
DGP-0,71,successful,2,0.97,0,1.00488,2520.25,3492.74,0.9158389538264012,0.0,0.0199428148878481,127.0,0.0403658999999999
DGP-0,72,successful,1,0.95,0,1.00336,1980.87,3190.33,0.9313092080973868,0.0,0.0225257611393375,63.0,0.05400165
DGP-0,73,successful,1,0.95,0,1.00474,1883.71,3788.3,0.8889291190490323,0.0,0.0230317387445291,63.0,0.0660924
DGP-0,74,successful,1,0.95,0,1.0055,2391.2,4128.06,0.8904529963998585,0.0,0.0204721844310437,127.0,0.041896
DGP-0,75,successful,1,0.95,0,1.00374,2458.38,3515.17,0.8839041454273073,0.0,0.0201717165596089,127.0,0.03808495
DGP-0,76,successful,1,0.95,0,1.00377,2545.43,4103.11,0.9217343131265078,0.0,0.0200731815376825,127.0,0.0445658
DGP-0,77,successful,1,0.95,0,1.00437,2090.56,3575.56,0.8712922960909909,0.0,0.0220059152418766,127.0,0.04661875
DGP-0,78,successful,1,0.95,0,1.00411,2203.75,3463.58,0.898955273462728,0.0,0.0212974611815934,127.0,0.0424246
DGP-0,79,successful,1,0.95,0,1.00539,2341.64,4288.44,0.9512841160370874,0.0,0.0207014482350344,127.0,0.04380405
DGP-0,80,successful,1,0.95,0,1.0045,2153.97,3666.36,0.8607322019490415,0.0,0.0216129983915682,127.0,0.0451715
DGP-0,81,successful,2,0.97,0,1.00483,2579.07,3785.62,0.8551264937116443,0.0,0.0196744239087051,127.0,0.0415571
DGP-0,82,successful,1,0.95,0,1.00667,2493.29,3573.28,0.9164619399656836,0.0,0.0200468554768846,127.0,0.032972
DGP-0,83,successful,1,0.95,0,1.00352,2803.27,2455.81,0.856551165533183,0.0,0.0195590650346873,127.0,0.0306552
DGP-0,84,successful,1,0.95,0,1.00459,2370.83,3826.2,0.9085528539882912,0.0,0.0205150174602788,127.0,0.04355715
DGP-0,85,successful,1,0.95,0,1.00357,1955.93,2998.1,0.8730773617283873,0.0,0.0226397620309993,63.0,0.05415605
DGP-0,86,successful,1,0.95,0,1.00491,2139.77,3496.96,0.8680047534695848,0.0,0.0218335424069958,127.0,0.0411268
DGP-0,87,successful,1,0.95,0,1.00511,2492.67,3766.82,0.9145622319742898,0.0,0.0200341461136972,127.0,0.04376585
DGP-0,88,successful,1,0.95,0,1.005,2132.01,3382.92,0.8693316850609576,0.0,0.0217108183229537,127.0,0.040228
DGP-0,89,successful,1,0.95,0,1.00431,2094.66,3898.42,0.8910112122194546,0.0,0.0217498429154885,127.0,0.03202145
DGP-0,90,successful,1,0.95,0,1.00377,2670.34,4097.77,0.916758964502996,0.0,0.019380881594016,127.0,0.0361425499999999
DGP-0,91,successful,1,0.95,0,1.00424,2523.48,3980.81,0.9403618760369874,0.0,0.0199106895338974,127.0,0.03983875
DGP-0,92,successful,1,0.95,0,1.00553,2316.76,4346.89,0.9024615812960506,0.0,0.0208171961303395,127.0,0.04849185
DGP-0,93,successful,1,0.95,0,1.00544,2439.24,3966.04,0.943684316978326,0.0,0.0202347699128073,127.0,0.0385292
DGP-0,94,successful,1,0.95,0,1.00398,2141.23,3773.34,0.900334845122388,0.0,0.0216927162612948,63.0,0.0555178
DGP-0,95,successful,1,0.95,0,1.00447,2462.66,3929.87,0.8726713259915676,0.0,0.0202363731310136,127.0,0.0440404999999999
DGP-0,96,successful,1,0.95,0,1.00522,1872.8,4019.89,0.8852361617592315,0.0,0.0231199126642793,127.0,0.04856345
DGP-0,97,successful,1,0.95,0,1.00447,2014.33,3656.46,0.9137952477914806,0.0,0.0222309799022971,63.0,0.0638304
DGP-0,98,successful,1,0.95,0,1.00431,2390.91,4109.66,0.9258745053471648,0.0,0.0204573343401925,127.0,0.04000235
DGP-0,99,successful,1,0.95,0,1.00502,2324.12,3992.15,0.8732373815617982,0.0,0.0207886465415502,127.0,0.04300825
DGP-0,100,successful,1,0.95,0,1.00432,2428.74,3833.93,0.9324417680803644,0.0,0.0203746780926209,127.0,0.0417546
DGP-0,101,successful,1,0.95,0,1.00455,2209.59,3658.84,0.9151450198813008,0.0,0.0212521246064253,63.0,0.05021585
DGP-0,102,successful,1,0.95,0,1.00381,2640.64,2893.59,0.8813898488966034,0.0,0.0194875187403226,127.0,0.0354499499999999
DGP-0,103,successful,1,0.95,0,1.00482,2297.27,2352.86,0.8991349935386636,0.0,0.0238225600279365,127.0,0.0431415
DGP-0,104,successful,1,0.95,0,1.00386,1781.93,3408.1,0.8469105686614476,0.0,0.0237177956887586,63.0,0.0581731999999999
DGP-0,105,successful,1,0.95,0,1.00446,2589.99,3749.15,0.915163471353536,0.0,0.019856981672918,127.0,0.0401274499999999
DGP-0,106,successful,1,0.95,0,1.00386,2077.97,3679.51,0.8950340791402749,0.0,0.0220057438984912,63.0,0.0520239
DGP-0,107,successful,1,0.95,0,1.00434,2168.34,3731.05,0.9109139808141972,0.0,0.0215664709392674,127.0,0.04767155
DGP-0,108,successful,1,0.95,0,1.00431,2308.67,3923.45,0.9048365133567136,0.0,0.0208617582171035,127.0,0.0327416
DGP-0,109,successful,1,0.95,0,1.00547,2624.39,3105.65,0.8959264580431379,0.0,0.0195749466532236,127.0,0.03390435
DGP-0,110,successful,1,0.95,0,1.00452,2136.98,3433.62,0.894717750693698,0.0,0.0216383555523967,127.0,0.0411055
DGP-0,111,successful,1,0.95,0,1.00512,2588.61,4088.2,0.943989195054712,0.0,0.0197254533942844,127.0,0.04274215
DGP-0,112,successful,1,0.95,0,1.00357,1687.57,3066.88,0.8827336685743086,0.0,0.0241528193258655,63.0,0.058462
DGP-0,113,successful,1,0.95,0,1.00382,2328.12,2640.31,0.9290945557518374,0.0,0.0213167468525022,95.0,0.0499945
DGP-0,114,successful,1,0.95,0,1.00381,2705.99,4090.24,0.9285649273967124,0.0,0.0192727941115037,127.0,0.0292057
DGP-0,115,successful,1,0.95,0,1.00607,2491.46,3777.85,0.8268591963015073,0.0,0.0200560931711608,127.0,0.04052315
DGP-0,116,successful,1,0.95,0,1.00386,2506.08,3801.11,0.9079806994132334,0.0,0.0200236003012804,127.0,0.03775965
DGP-0,117,successful,1,0.95,0,1.00315,1772.99,3279.47,0.9143915995411008,0.0,0.0237072387378345,63.0,0.05584085
DGP-0,118,successful,1,0.95,0,1.00384,2287.8,4015.09,0.91152201498458,0.0,0.0208960489696934,127.0,0.03906435
DGP-0,119,successful,1,0.95,0,1.00448,2502.21,3990.16,0.9205097150542332,0.0,0.0201048569004407,127.0,0.0351055
DGP-0,120,successful,1,0.95,0,1.00437,2430.0,4159.04,0.9144796088709832,0.0,0.0203477942522423,127.0,0.043406
DGP-0,121,successful,1,0.95,0,1.00441,2422.0,3985.08,0.9019963329782196,0.0,0.0204264428718751,127.0,0.03773415
DGP-0,122,successful,1,0.95,0,1.00514,2378.7,3588.65,0.8625702415485926,0.0,0.0205257549268439,127.0,0.04567305
DGP-0,123,successful,1,0.95,0,1.00423,2092.75,3842.76,0.8950043025568584,0.0,0.0218795071929542,127.0,0.0467819
DGP-0,124,successful,1,0.95,0,1.00387,2380.83,4171.17,0.8861079662133482,0.0,0.0204951706220812,127.0,0.04644345
DGP-0,125,successful,1,0.95,0,1.00528,2266.28,3910.54,0.8952765120750147,0.0,0.0211516478170983,127.0,0.0392002
DGP-0,126,successful,1,0.95,0,1.00435,2218.7,3826.78,0.8511165964992333,0.0,0.0212651704592001,127.0,0.0447654
DGP-0,127,successful,1,0.95,0,1.00546,2147.75,3698.75,0.9060599713598,0.0,0.0215940230133175,127.0,0.0364846
DGP-0,128,successful,1,0.95,0,1.00461,2332.74,4199.68,0.896357723889679,0.0,0.0207447630012355,127.0,0.048302
DGP-0,129,successful,1,0.95,0,1.00488,2293.98,3888.41,0.8781278140849176,0.0,0.020864878659359,127.0,0.04206155
DGP-0,130,successful,1,0.95,0,1.00504,2350.75,3846.93,0.96601258399598,0.0,0.0206608159500467,127.0,0.04032615
DGP-0,131,successful,1,0.95,0,1.00513,2203.9,4105.43,0.9176803893035178,0.0,0.0213244693410628,127.0,0.04155895
DGP-0,132,successful,1,0.95,0,1.00478,2136.42,3643.16,0.8865050141074511,0.0,0.0219773007871302,127.0,0.04418375
DGP-0,133,successful,1,0.95,0,1.00521,2419.01,4024.97,0.8847527633546264,0.0,0.0203754104017339,127.0,0.0443214
DGP-0,134,successful,1,0.95,0,1.00407,2837.87,4211.63,0.9579721691992598,0.0,0.0188113646773088,127.0,0.04827815
DGP-0,135,successful,1,0.95,0,1.00506,2401.39,4130.84,0.8406752460400112,0.0,0.0205007520304823,127.0,0.04181775
DGP-0,136,successful,1,0.95,0,1.00445,2277.98,4014.56,0.9052669523615506,0.0,0.0209887372826567,127.0,0.0484249
DGP-0,137,successful,1,0.95,0,1.00348,2061.37,2776.19,0.8799201544171781,0.0,0.0226969846330461,63.0,0.0534777
DGP-0,138,successful,1,0.95,0,1.00392,2155.91,3704.03,0.922891700127115,0.0,0.0216456861516353,127.0,0.0397933
DGP-0,139,successful,1,0.95,0,1.00406,2371.74,4168.11,0.8732460633608314,0.0,0.0205903991915108,127.0,0.04798215
DGP-0,140,successful,1,0.95,0,1.00447,2347.46,3950.2,0.887565751625483,0.0,0.0208255463483028,95.0,0.04961355
DGP-0,141,successful,1,0.95,0,1.00463,2437.67,4091.32,0.9474172029671692,0.0,0.0202813990856082,127.0,0.041013
DGP-0,142,successful,1,0.95,0,1.00426,2002.11,3678.15,0.9205213065535476,0.0,0.0225398528761243,63.0,0.06414845
DGP-0,143,successful,1,0.95,0,1.00388,1961.74,3469.52,0.8414714346260294,0.0,0.0225729315826517,63.0,0.0503823
DGP-0,144,successful,1,0.95,0,1.00331,1622.73,2500.23,0.8566374335335427,0.0,0.0251267884866287,63.0,0.05447275
DGP-0,145,successful,1,0.95,0,1.0054,2138.78,3594.22,0.900201557845617,0.0,0.0218629194193657,127.0,0.0332337
DGP-0,146,successful,1,0.95,0,1.00418,2582.73,4077.67,0.920865865528553,0.0,0.0197340775056264,127.0,0.0458712
DGP-0,147,successful,1,0.95,0,1.00386,2916.82,4392.14,0.9597232533596712,0.0,0.0185541169205434,95.0,0.0511963
DGP-0,148,successful,1,0.95,0,1.00467,2239.52,3916.81,0.886065597465576,0.0,0.0211669652885489,95.0,0.05109355
DGP-0,149,successful,1,0.95,0,1.00432,1889.72,4096.04,0.8619303121019909,0.0,0.0233697111676142,63.0,0.05033315
DGP-0,150,successful,1,0.95,0,1.00369,2399.14,3404.02,0.8722501734741527,0.0,0.0208213688428891,63.0,0.0539016
DGP-0,151,successful,1,0.95,0,1.00341,1558.73,2898.88,0.887352601300673,0.0,0.0256895839408962,63.0,0.0531236
DGP-0,152,successful,1,0.95,0,1.00511,2507.25,3667.03,0.8476048996751485,0.0,0.019962117779268,127.0,0.04585425
DGP-0,153,successful,1,0.95,0,1.00399,2329.17,3485.69,0.8342609095465304,0.0,0.020810715648015,63.0,0.05324785
DGP-0,154,successful,1,0.95,0,1.00547,2297.55,3153.62,0.9042275263948122,0.0,0.0208577804320982,127.0,0.0417673
DGP-0,155,successful,1,0.95,0,1.00519,2294.32,3955.93,0.9267750848839126,0.0,0.0209261036565693,127.0,0.03687445
DGP-0,156,successful,1,0.95,0,1.00446,2572.51,3891.79,0.9220607754835738,0.0,0.0197698223712875,127.0,0.04773145
DGP-0,157,successful,1,0.95,0,1.00405,2652.76,2731.63,0.9039800653061733,0.0,0.0221076798366034,127.0,0.0328048499999999
DGP-0,158,successful,1,0.95,0,1.00461,2188.11,3778.15,0.9286631383462272,0.0,0.0214422983753754,127.0,0.0375705
DGP-0,159,successful,1,0.95,0,1.00329,2218.12,2862.74,0.9188772930312084,0.0,0.0223695230588014,63.0,0.0532408
DGP-0,160,successful,1,0.95,0,1.00528,2255.66,3932.89,0.8862765589081808,0.0,0.0212468435700988,127.0,0.0417101
DGP-0,161,successful,1,0.95,0,1.00376,2349.14,3377.18,0.9150396796541674,0.0,0.0209545194417066,95.0,0.04994985
DGP-0,162,successful,1,0.95,0,1.00424,2474.36,3787.2,0.8866360600256123,0.0,0.0201641809926765,127.0,0.038638
DGP-0,163,successful,1,0.95,0,1.00513,2810.32,3831.79,0.9142692859816446,0.0,0.0188986185981088,127.0,0.03445425
DGP-0,164,successful,1,0.95,0,1.00482,2385.96,4182.66,0.9400052970964208,0.0,0.0204962683749064,127.0,0.03789605
DGP-0,165,successful,1,0.95,0,1.00453,2074.82,3216.54,0.881496579487601,0.0,0.0219634643133315,127.0,0.04260635
DGP-0,166,successful,1,0.95,0,1.00512,2340.53,4114.34,0.8875996674503819,0.0,0.0207040163622145,127.0,0.0434047
DGP-0,167,successful,1,0.95,0,1.00466,2844.91,4202.3,0.9155121991249608,0.0,0.018788289609428,127.0,0.0333644
DGP-0,168,successful,1,0.95,0,1.0037,2548.03,3771.44,0.9114328548759356,0.0,0.0199927476981051,127.0,0.04833155
DGP-0,169,successful,1,0.95,0,1.00451,2222.51,4078.35,0.8976257452398406,0.0,0.021247577755782,127.0,0.0481059999999999
DGP-0,170,successful,1,0.95,0,1.00409,2312.94,3779.79,0.8595478647732246,0.0,0.0208422778983951,127.0,0.04764255
DGP-0,171,successful,1,0.95,0,1.00444,2383.87,3844.3,0.9048128143862536,0.0,0.0204490344119261,127.0,0.0472623
DGP-0,172,successful,1,0.95,0,1.00486,2269.28,3540.71,0.8764804632023449,0.0,0.0209952952677111,127.0,0.0443544
DGP-0,173,successful,1,0.95,0,1.00491,2243.06,3691.1,0.8785871700412815,0.0,0.0212090607997645,127.0,0.04374185
DGP-0,174,successful,1,0.95,0,1.00412,2383.35,4096.4,0.8968525833908797,0.0,0.0204261855402067,127.0,0.0463593
DGP-0,175,successful,1,0.95,0,1.00569,2257.47,3796.17,0.9206061203216784,0.0,0.0210595346600083,127.0,0.0389995
DGP-0,176,successful,1,0.95,0,1.00462,2357.11,3691.52,0.8950275311900183,0.0,0.0206515693607072,127.0,0.0420183499999999
DGP-0,177,successful,1,0.95,0,1.00398,2143.26,3314.32,0.8776875314118724,0.0,0.0216294693577155,127.0,0.035952
DGP-0,178,successful,1,0.95,0,1.00457,2180.99,3879.3,0.8496979330050699,0.0,0.0215472685209527,127.0,0.0487559
DGP-0,179,successful,1,0.95,0,1.00346,2414.93,4274.98,0.9023871138800856,0.0,0.020388778051611,127.0,0.0497729499999999
DGP-0,180,successful,2,0.97,0,1.00464,2737.86,3734.53,0.9208365763225924,0.0,0.0190273240031859,127.0,0.03326305
DGP-0,181,successful,1,0.95,0,1.00393,2511.47,4103.39,0.9026738735760648,0.0,0.0199969169573391,127.0,0.0339411
DGP-0,182,successful,1,0.95,0,1.00366,1756.06,2890.07,0.8623196578301642,0.0,0.0238606050406025,63.0,0.05711015
DGP-0,183,successful,1,0.95,0,1.0048,2189.33,3874.96,0.9050813893369648,0.0,0.0215177953529338,127.0,0.0464607
DGP-0,184,successful,1,0.95,0,1.00501,2598.2,3548.37,0.8860491910001461,0.0,0.0196686784213561,127.0,0.03369845
DGP-0,185,successful,1,0.95,0,1.00372,2456.77,4333.17,0.908043793515494,0.0,0.0202665879590992,63.0,0.0520408
DGP-0,186,successful,1,0.95,0,1.00407,2128.71,3883.37,0.9049607473436188,0.0,0.0217742410247561,127.0,0.0403114
DGP-0,187,successful,1,0.95,0,1.00304,1569.8,2811.41,0.8541199891221041,0.0,0.0259621720739609,63.0,0.051617
DGP-0,188,successful,1,0.95,0,1.00512,2421.27,3686.98,0.8851266645991684,0.0,0.0203236599115067,127.0,0.0434574999999999
DGP-0,189,successful,1,0.95,0,1.00556,2605.78,3841.53,0.8832922827801696,0.0,0.0196044818160953,127.0,0.0432693
DGP-0,190,successful,1,0.95,0,1.00346,2100.05,3703.87,0.913073286039598,0.0,0.0218921536761359,95.0,0.0495487
DGP-0,191,successful,1,0.95,0,1.00514,2449.3,3629.55,0.9291473779200397,0.0,0.0203179390023589,127.0,0.037485
DGP-0,192,successful,1,0.95,0,1.00471,2423.22,3834.44,0.9037858358582108,0.0,0.0203726356641656,127.0,0.04670955
DGP-0,193,successful,1,0.95,0,1.00455,2660.33,3952.13,0.9503783717639044,0.0,0.0194250134886345,127.0,0.03818635
DGP-0,194,successful,1,0.95,0,1.00424,2502.48,3250.36,0.8984091353396825,0.0,0.0200978211913072,127.0,0.0482343
DGP-0,195,successful,1,0.95,0,1.00407,2460.37,3783.37,0.9442208891278892,0.0,0.0201521671214046,127.0,0.04356305
DGP-0,196,successful,1,0.95,0,1.00469,2490.48,4013.82,0.8910678149353966,0.0,0.0202146434338025,127.0,0.04615995
DGP-0,197,successful,1,0.95,0,1.00418,2406.15,2586.17,0.9145659074556388,0.0,0.0204205341506129,127.0,0.0336801
DGP-0,198,successful,1,0.95,0,1.00385,2591.46,3951.28,0.9462495741872348,0.0,0.0196590666243404,127.0,0.03689815
DGP-0,199,successful,1,0.95,0,1.00493,2066.03,3447.69,0.920182876586956,0.0,0.0220225086169999,127.0,0.0447684
DGP-0,200,successful,1,0.95,0,1.00541,2033.29,3550.17,0.8971756071000825,0.0,0.0223096205906648,127.0,0.0370375
DGP-N,1,successful,1,0.95,0,1.00425,2532.6,4155.94,0.9038345186216016,0.0,0.0198987451654841,127.0,0.0365424
DGP-N,2,successful,1,0.95,0,1.00467,1675.31,3437.46,0.904993332020566,0.0,0.0245163522012578,63.0,0.0525385
DGP-N,3,successful,1,0.95,0,1.00412,2144.48,3700.58,0.934774053076548,0.0,0.0214504830830205,127.0,0.0501999
DGP-N,4,successful,1,0.95,0,1.00468,2451.93,3762.77,0.9141453437613,0.0,0.020242476813506,127.0,0.03888805
DGP-N,5,successful,1,0.95,0,1.00353,2004.89,2188.93,0.8648906211074847,0.0,0.0243185787828645,63.0,0.0564643
DGP-N,6,successful,1,0.95,0,1.00492,2319.35,3518.74,0.8822060503562686,0.0,0.0208080963123486,127.0,0.0394148
DGP-N,7,successful,1,0.95,0,1.00461,2068.01,2914.2,0.9026809755641086,0.0,0.0219868860873975,127.0,0.0452764499999999
DGP-N,8,successful,1,0.95,0,1.00482,2505.49,3965.72,0.9004819562998525,0.0,0.0200909403510312,127.0,0.04856375
DGP-N,9,successful,1,0.95,0,1.00536,2446.06,3583.15,0.9194498517815026,0.0,0.0203044289147241,127.0,0.04528765
DGP-N,10,successful,1,0.95,0,1.00387,1878.29,2834.19,0.8779279552105244,0.0,0.0231264863938356,127.0,0.04061315
DGP-N,11,successful,1,0.95,0,1.00501,2078.88,3972.34,0.9266024869378828,0.0,0.0219556372402128,127.0,0.0489056999999999
DGP-N,12,successful,1,0.95,0,1.00424,2379.97,3734.28,0.933800530525798,0.0,0.0206471630659545,127.0,0.04268215
DGP-N,13,successful,1,0.95,0,1.00501,2683.39,3870.88,0.8782549398428604,0.0,0.0204358549806599,127.0,0.03657395
DGP-N,14,successful,1,0.95,0,1.0043,2383.7,4119.36,0.9018307952886148,0.0,0.0205256176663508,127.0,0.04165245
DGP-N,15,successful,1,0.95,0,1.00427,2325.12,3420.55,0.9106227981894428,0.0,0.0207979897378224,127.0,0.03694015
DGP-N,16,successful,1,0.95,0,1.00461,2108.52,3970.99,0.8266233467220957,0.0,0.0217786801222145,127.0,0.03534205
DGP-N,17,successful,1,0.95,0,1.00512,2329.78,3298.27,0.8883381599081183,0.0,0.0207505751400319,127.0,0.04299885
DGP-N,18,successful,1,0.95,0,1.00429,2315.21,3982.03,0.8437019409269789,0.0,0.0208207664776611,127.0,0.04840145
DGP-N,19,successful,1,0.95,0,1.00415,2276.41,3612.64,0.9000112214185818,0.0,0.0211018660536869,127.0,0.0402834
DGP-N,20,successful,1,0.95,0,1.00415,2096.56,3499.57,0.8851303420211215,0.0,0.0218056501540119,127.0,0.04128605
DGP-N,21,successful,1,0.95,0,1.00422,2392.77,3969.21,0.8769352158136832,0.0,0.020495388283351,127.0,0.0400149
DGP-N,22,successful,1,0.95,0,1.00386,2655.72,3651.73,0.9004407032988787,0.0,0.0194269690866243,127.0,0.0344569
DGP-N,23,successful,1,0.95,0,1.00402,2597.96,4041.48,0.9051516173594047,0.0,0.0196522851589729,127.0,0.0438077
DGP-N,24,successful,1,0.95,0,1.00472,2340.05,3285.34,0.9104437920277396,0.0,0.0207345938064213,127.0,0.0476918999999999
DGP-N,25,successful,1,0.95,0,1.00422,2302.6,3858.64,0.8887459076289532,0.0,0.020904703974047,127.0,0.03907575
DGP-N,26,successful,1,0.95,0,1.00455,2368.45,3923.35,0.8986867689671799,0.0,0.0205840723893052,127.0,0.03596085
DGP-N,27,successful,1,0.95,0,1.00477,2044.19,3556.57,0.8719570668298587,0.0,0.0222663765739289,127.0,0.0399533
DGP-N,28,successful,1,0.95,0,1.00564,2482.79,4044.32,0.9463596850499594,0.0,0.0201117988450772,127.0,0.04130155
DGP-N,29,successful,1,0.95,0,1.00498,2240.17,4014.29,0.8998473046012055,0.0,0.0211514479419279,127.0,0.0467842
DGP-N,30,successful,1,0.95,0,1.00304,2018.76,3108.02,0.8763006510196878,0.0,0.0224921079326435,63.0,0.05777155
DGP-N,31,successful,1,0.95,0,1.00498,2018.71,3189.38,0.8663562500656934,0.0,0.0223566535582899,127.0,0.0423646
DGP-N,32,successful,1,0.95,0,1.00519,2389.04,4065.09,0.9268191511799814,0.0,0.0205382534536518,127.0,0.040892
DGP-N,33,successful,1,0.95,0,1.00408,1990.42,3163.39,0.9123561321950344,0.0,0.0228491239607308,63.0,0.0528957
DGP-N,34,successful,1,0.95,0,1.00552,2564.53,3912.71,0.9660871850661014,0.0,0.0197948844528092,127.0,0.0393552
DGP-N,35,successful,1,0.95,0,1.00531,2375.59,3924.92,0.9249917127340804,0.0,0.0205169247133177,127.0,0.04853545
DGP-N,36,successful,1,0.95,0,1.0043,2388.48,3824.68,0.9206617861535978,0.0,0.0204911281399827,127.0,0.04701835
DGP-N,37,successful,1,0.95,0,1.00419,2675.87,4073.81,0.8642937737861683,0.0,0.0193621939962189,127.0,0.03572195
DGP-N,38,successful,1,0.95,0,1.00391,2563.25,3656.93,0.9027501647755234,0.0,0.0199431616609174,63.0,0.053694
DGP-N,39,successful,1,0.95,0,1.00463,2423.1,4051.85,0.9139632750531004,0.0,0.0203194541860613,127.0,0.04513425
DGP-N,40,successful,1,0.95,0,1.00408,2600.0,4146.94,0.8639955151788383,0.0,0.0196415363074061,127.0,0.0355288
DGP-N,41,successful,1,0.95,0,1.00572,2351.79,3375.71,0.9003849551033759,0.0,0.0206428790396747,127.0,0.0442269
DGP-N,42,successful,1,0.95,0,1.00426,2061.34,2053.51,0.9054706733125496,0.0,0.0227744104281426,127.0,0.0406037999999999
DGP-N,43,successful,1,0.95,0,1.00339,2004.09,3403.74,0.8619202103502301,0.0,0.0223404481186844,63.0,0.05238795
DGP-N,44,successful,1,0.95,0,1.00536,2568.1,3974.91,0.8995127825948466,0.0,0.01975239899016,127.0,0.0462609
DGP-N,45,successful,1,0.95,0,1.00439,2073.76,3656.29,0.9016852607008308,0.0,0.0219705129446072,127.0,0.0419302
DGP-N,46,successful,1,0.95,0,1.00376,1889.08,3645.89,0.9093556649707776,0.0,0.0230906257253705,95.0,0.04971345
DGP-N,47,successful,1,0.95,0,1.00397,2591.69,3859.57,0.8903841564359853,0.0,0.0197572283878504,63.0,0.0511465
DGP-N,48,successful,1,0.95,0,1.00475,2311.72,4250.21,0.8854793845769876,0.0,0.0208097973035586,127.0,0.04006285
DGP-N,49,successful,1,0.95,0,1.00435,2359.93,3789.9,0.8450917043415822,0.0,0.0205963964198028,127.0,0.04841855
DGP-N,50,successful,1,0.95,0,1.00498,2324.47,3859.17,0.8779981452946105,0.0,0.0207697627396382,127.0,0.0466644499999999
DGP-N,51,successful,1,0.95,0,1.00555,2468.19,4037.05,0.8371229163038802,0.0,0.020178842652665,127.0,0.04791495
DGP-N,52,unsuccessful,1,0.95,11,1.00537,2297.49,1797.17,0.8721249058370357,0.0,0.0398771487996792,,
DGP-N,53,successful,1,0.95,0,1.00367,2184.89,3154.09,0.9116089605686866,0.0,0.0217166539168289,63.0,0.05049195
DGP-N,54,successful,1,0.95,0,1.00588,2235.66,3709.75,0.907389146965094,0.0,0.0211198061291462,127.0,0.041739
DGP-N,55,successful,1,0.95,0,1.00406,2253.62,4040.43,0.8784196959356223,0.0,0.0210986257089876,127.0,0.0390603
DGP-N,56,successful,1,0.95,0,1.00478,2468.25,3395.98,0.919300942991944,0.0,0.0202105457504496,127.0,0.0432554
DGP-N,57,successful,1,0.95,0,1.00522,2235.13,4120.08,0.853994387851725,0.0,0.0212726642799399,127.0,0.037256
DGP-N,58,successful,1,0.95,0,1.00297,1974.17,3453.53,0.902316912093304,0.0,0.0227237078008773,63.0,0.0548628
DGP-N,59,successful,1,0.95,0,1.00464,2397.05,3992.57,0.9201719571898738,0.0,0.0204927710574973,127.0,0.04318705
DGP-N,60,successful,1,0.95,0,1.00367,2646.1,4231.03,0.8667062703952463,0.0,0.0195728075727931,127.0,0.05025395
DGP-N,61,successful,1,0.95,0,1.0039,2420.76,3419.47,0.877912024015955,0.0,0.0204696094067421,127.0,0.0355332
DGP-N,62,successful,1,0.95,0,1.0051,2019.95,2426.7,0.9120048706982326,0.0,0.0228294217234,63.0,0.0591046
DGP-N,63,successful,1,0.95,0,1.0058,2359.3,3644.39,0.8711255193303411,0.0,0.0206053804546103,127.0,0.04337065
DGP-N,64,successful,1,0.95,0,1.0042,2370.9,4191.53,0.8684482192688115,0.0,0.0206081412657648,127.0,0.04223265
DGP-N,65,successful,1,0.95,0,1.0037,2053.61,3933.71,0.9213634373041236,0.0,0.022175213442819,95.0,0.0514175
DGP-N,66,successful,1,0.95,0,1.00485,2582.09,4275.26,0.9402641330091204,0.0,0.0197517237442456,127.0,0.0472112
DGP-N,67,successful,1,0.95,0,1.00366,2392.52,4312.64,0.8880077153588798,0.0,0.0204076300152136,95.0,0.0495537999999999
DGP-N,68,successful,1,0.95,0,1.00383,2510.76,3456.75,0.8908311900564274,0.0,0.0199631386508001,95.0,0.0526772
DGP-N,69,successful,1,0.95,0,1.00473,1958.46,3468.82,0.8678320467428717,0.0,0.0227429130626933,127.0,0.0422827499999999
DGP-N,70,successful,1,0.95,0,1.00444,2687.06,3989.09,0.9680936301185386,0.0,0.019407167750325,127.0,0.036646
DGP-N,71,successful,1,0.95,0,1.00424,2271.98,3305.53,0.9005922414607711,0.0,0.0211387185601544,63.0,0.05311715
DGP-N,72,successful,1,0.95,0,1.00295,2068.64,3515.76,0.930887762816398,0.0,0.0220103572792378,63.0,0.0536081
DGP-N,73,successful,1,0.95,0,1.00467,2241.03,3720.8,0.8548169750640244,0.0,0.0213079624915412,63.0,0.0667675
DGP-N,74,successful,1,0.95,0,1.0046,2675.29,3783.13,0.9395532370044872,0.0,0.0193574256441687,127.0,0.03922825
DGP-N,75,successful,1,0.95,0,1.00521,2583.19,3976.91,0.91335478261122,0.0,0.0197526037712932,127.0,0.04369465
DGP-N,76,successful,1,0.95,0,1.00436,2493.86,4034.78,0.9232915672506236,0.0,0.0200233039981112,127.0,0.044334
DGP-N,77,successful,1,0.95,0,1.00596,2291.56,3657.57,0.8727854708772129,0.0,0.0209383174051662,127.0,0.0427787
DGP-N,78,successful,1,0.95,0,1.00576,2454.1,3472.11,0.8633505126493346,0.0,0.020257275035991,127.0,0.0409854
DGP-N,79,successful,1,0.95,0,1.00437,2504.06,4059.15,0.9217974502839368,0.0,0.0199974218893867,127.0,0.04417935
DGP-N,80,successful,1,0.95,0,1.00518,2421.42,3720.57,0.8967508078823061,0.0,0.0203442073722856,127.0,0.0440739
DGP-N,81,successful,1,0.95,0,1.00373,2680.36,3829.14,0.93081014597842,0.0,0.0193534366333673,127.0,0.0475102
DGP-N,82,successful,2,0.97,0,1.00372,2645.12,3736.17,0.9545313366818928,0.0,0.0194926742791595,127.0,0.02984585
DGP-N,83,successful,1,0.95,0,1.00318,2483.24,2458.3,0.9260865738562002,0.0,0.0206713388322424,127.0,0.0290747
DGP-N,84,successful,1,0.95,0,1.00447,2533.18,3978.1,0.9143581401783788,0.0,0.0199228297119757,127.0,0.04416175
DGP-N,85,successful,1,0.95,0,1.00404,2603.11,4035.49,0.9123458704399516,0.0,0.0196955509555214,95.0,0.05364985
DGP-N,86,successful,1,0.95,0,1.00473,2427.81,3952.26,0.9053682513251978,0.0,0.020293655273716,127.0,0.04166355
DGP-N,87,successful,1,0.95,0,1.00583,2665.61,3670.94,0.9339779825860064,0.0,0.0194261716864612,127.0,0.04129255
DGP-N,88,successful,1,0.95,0,1.0048,2412.0,3784.72,0.916108929873007,0.0,0.0206884310363305,127.0,0.0383745
DGP-N,89,successful,1,0.95,0,1.00441,2533.02,4073.48,0.8726857467847758,0.0,0.0201972210132662,127.0,0.0324249
DGP-N,90,successful,1,0.95,0,1.00475,2474.93,3783.45,0.912424770840622,0.0,0.0202723146747352,127.0,0.03861235
DGP-N,91,successful,1,0.95,0,1.00413,2536.1,3941.16,0.9298151513796172,0.0,0.0198155822144128,127.0,0.0430999
DGP-N,92,successful,1,0.95,0,1.00358,2197.05,3460.65,0.8885477036802938,0.0,0.0213999130662959,127.0,0.0456055
DGP-N,93,successful,1,0.95,0,1.00532,2395.19,3709.5,0.8784118271677661,0.0,0.0204330880931302,127.0,0.0432716
DGP-N,94,successful,1,0.95,0,1.0035,1829.46,3411.05,0.9005603894028791,0.0,0.0233396159101771,63.0,0.0531321
DGP-N,95,successful,1,0.95,0,1.00449,1942.86,3621.92,0.8524680249132279,0.0,0.0227415480154837,127.0,0.04575065
DGP-N,96,successful,1,0.95,0,1.00528,2070.79,3788.26,0.902136686203617,0.0,0.0220629696355361,127.0,0.0462759499999999
DGP-N,97,successful,1,0.95,0,1.00419,1892.06,2983.23,0.8835703362079069,0.0,0.0231103658461952,63.0,0.0617008999999999
DGP-N,98,successful,1,0.95,0,1.0052,2453.96,4263.89,0.9247156674265418,0.0,0.0202790424377896,127.0,0.0348124999999999
DGP-N,99,successful,1,0.95,0,1.00444,2308.81,3719.5,0.8898962621993705,0.0,0.0208311578757706,127.0,0.04639525
DGP-N,100,successful,1,0.95,0,1.00383,2359.24,4143.96,0.9049380277592416,0.0,0.0207766397502719,127.0,0.045892
DGP-N,101,successful,1,0.95,0,1.00364,2475.52,4138.65,0.8684694044938805,0.0,0.0201333950996485,127.0,0.049277
DGP-N,102,successful,1,0.95,0,1.00385,2311.34,3022.26,0.8992072412811365,0.0,0.0208666529831713,127.0,0.03319875
DGP-N,103,successful,1,0.95,0,1.00463,2110.29,2335.91,0.900936040649272,0.0,0.0225480536838296,127.0,0.0432141999999999
DGP-N,104,successful,1,0.95,0,1.0037,1709.71,3029.95,0.8481394610957623,0.0,0.0243936467850157,63.0,0.0579756
DGP-N,105,successful,1,0.95,0,1.00557,2273.25,3877.88,0.9305557196076608,0.0,0.0210691798530971,127.0,0.04153945
DGP-N,106,successful,1,0.95,0,1.00443,2557.21,3803.41,0.8953672829566567,0.0,0.0197918911555774,127.0,0.0491242
DGP-N,107,successful,1,0.95,0,1.00516,2684.08,3525.94,0.9083156652387526,0.0,0.0195607148589332,63.0,0.05307215
DGP-N,108,successful,1,0.95,0,1.00435,2242.71,3806.65,0.8898247440714138,0.0,0.0211126186701725,127.0,0.0352356
DGP-N,109,successful,1,0.95,0,1.00413,2429.4,3668.87,0.8299384204838981,0.0,0.0203553158106719,127.0,0.0345856
DGP-N,110,successful,1,0.95,0,1.00549,2287.05,4010.1,0.8921534154916158,0.0,0.0210196412198361,127.0,0.0475197
DGP-N,111,successful,1,0.95,0,1.00519,2488.3,3522.17,0.9198634635955576,0.0,0.0200551564196796,127.0,0.04471915
DGP-N,112,successful,1,0.95,0,1.00331,2119.16,3778.76,0.9221838908236,0.0,0.0217909148923826,63.0,0.0570904
DGP-N,113,successful,1,0.95,0,1.00431,1950.03,3211.51,0.8990305268349305,0.0,0.0226131043647143,127.0,0.04637105
DGP-N,114,successful,1,0.95,0,1.00437,2659.83,3795.39,0.9478405551797824,0.0,0.019469017693156,127.0,0.03525655
DGP-N,115,successful,1,0.95,0,1.0047,2311.83,4161.94,0.8855203182303715,0.0,0.0208433173118655,127.0,0.0436215
DGP-N,116,successful,1,0.95,0,1.00566,2515.94,4032.99,0.8909919458234169,0.0,0.0199931608550746,127.0,0.0379803499999999
DGP-N,117,successful,1,0.95,0,1.00334,2065.26,3550.31,0.9152086074674872,0.0,0.0220342023663428,63.0,0.0603821499999999
DGP-N,118,successful,1,0.95,0,1.00384,2615.39,3987.48,0.927212193565156,0.0,0.0195954746114032,127.0,0.0466579
DGP-N,119,successful,1,0.95,0,1.00444,2498.4,3831.42,0.8873915680904729,0.0,0.0200218678986766,127.0,0.03534275
DGP-N,120,successful,1,0.95,0,1.00453,2214.13,3873.83,0.914862686115106,0.0,0.0213141300180286,127.0,0.0380342
DGP-N,121,successful,1,0.95,0,1.00467,2194.41,3471.95,0.9054843071520088,0.0,0.0213513679680295,127.0,0.04372185
DGP-N,122,successful,1,0.95,0,1.00506,2383.29,3957.56,0.91134305157006,0.0,0.0205345225094042,127.0,0.0484717999999999
DGP-N,123,successful,1,0.95,0,1.00388,2224.09,3512.27,0.9314940090089436,0.0,0.0212158344785463,63.0,0.0510464
DGP-N,124,successful,1,0.95,0,1.00548,2464.48,3941.95,0.9160398937640832,0.0,0.0201781884765277,127.0,0.04900225
DGP-N,125,successful,1,0.95,0,1.00471,2680.93,4036.81,0.8883351498074066,0.0,0.0195526188557614,127.0,0.0354583
DGP-N,126,successful,1,0.95,0,1.00399,2447.01,3752.65,0.9127663366580334,0.0,0.0201792963897391,127.0,0.049218
DGP-N,127,unsuccessful,2,0.97,1,1.00429,2411.21,3910.89,0.902947393905395,0.0,0.0204257475924987,,
DGP-N,128,successful,1,0.95,0,1.00322,1980.19,3203.66,0.8748795228074192,0.0,0.0226239679549576,63.0,0.0560832
DGP-N,129,successful,1,0.95,0,1.00419,2625.76,3999.85,0.8749781360018333,0.0,0.0195378611684926,127.0,0.04732185
DGP-N,130,successful,1,0.95,0,1.00515,2296.91,3575.01,0.8976631456242674,0.0,0.0209337014432602,127.0,0.0464164
DGP-N,131,successful,1,0.95,0,1.00445,2270.55,3964.87,0.9121923712543238,0.0,0.0210260083353285,127.0,0.0445257
DGP-N,132,successful,2,0.97,0,1.0052,2484.42,3491.92,0.9054918402417012,0.0,0.0202663862313918,127.0,0.03071755
DGP-N,133,successful,1,0.95,0,1.00372,2626.29,3614.44,0.9129976905062746,0.0,0.0195634200749509,127.0,0.0492124
DGP-N,134,successful,1,0.95,0,1.00453,2767.81,3424.51,0.9401795365732936,0.0,0.0196855017713034,95.0,0.05015435
DGP-N,135,successful,1,0.95,0,1.00409,2231.18,3748.89,0.8802946457187446,0.0,0.0209431415419557,127.0,0.04219665
DGP-N,136,successful,1,0.95,0,1.00338,1933.3,2692.07,0.893517284458974,0.0,0.0225886799835111,63.0,0.05111385
DGP-N,137,successful,1,0.95,0,1.0046,2235.03,3208.03,0.9086465792691464,0.0,0.0211028937237128,63.0,0.0504146
DGP-N,138,successful,1,0.95,0,1.00519,2323.19,3606.47,0.9689849801407224,0.0,0.0208510700760355,127.0,0.04043275
DGP-N,139,successful,1,0.95,0,1.0043,2661.51,4106.43,0.9319885326003416,0.0,0.0194123276394319,127.0,0.047211
DGP-N,140,successful,1,0.95,0,1.00377,2505.76,4043.88,0.9246951991790012,0.0,0.0199587543613443,127.0,0.04696115
DGP-N,141,successful,2,0.97,0,1.00435,2461.56,3723.63,0.901471108049848,0.0,0.0201774750863838,127.0,0.0367679499999999
DGP-N,142,successful,1,0.95,0,1.0038,1865.47,3235.84,0.8665473755899665,0.0,0.0232324512376637,63.0,0.06593425
DGP-N,143,successful,1,0.95,0,1.00413,1991.25,3521.25,0.9016985072590749,0.0,0.0225528699978501,63.0,0.05020725
DGP-N,144,successful,1,0.95,0,1.00456,1932.97,3254.56,0.8357307626947647,0.0,0.0228671135030743,63.0,0.05310495
DGP-N,145,successful,2,0.97,0,1.00386,2536.85,4091.84,0.9310967979959042,0.0,0.0199393321685109,191.0,0.0249397
DGP-N,146,successful,1,0.95,0,1.0043,2541.41,3823.11,0.8821039545797661,0.0,0.0199304020691276,127.0,0.0487073
DGP-N,147,successful,1,0.95,0,1.00436,2432.72,3447.19,0.9056709327128128,0.0,0.0203211753134095,127.0,0.04481015
DGP-N,148,successful,1,0.95,0,1.00425,1866.89,3421.58,0.8691967864808104,0.0,0.0233408557177431,127.0,0.04347155
DGP-N,149,successful,1,0.95,0,1.00327,2163.62,3204.28,0.9186977205949136,0.0,0.0219067186481199,63.0,0.05135865
DGP-N,150,successful,1,0.95,0,1.00459,2757.32,4106.32,0.9102678404026164,0.0,0.0190792744924398,127.0,0.04952805
DGP-N,151,successful,1,0.95,0,1.00372,2077.38,3559.27,0.8726495581617959,0.0,0.0219891141117355,63.0,0.05424955
DGP-N,152,successful,1,0.95,0,1.00379,2001.0,3982.33,0.9102692689436276,0.0,0.0224269288159396,95.0,0.0495584
DGP-N,153,successful,1,0.95,0,1.0053,2347.33,3840.35,0.8807641699094633,0.0,0.0206851369548214,127.0,0.043234
DGP-N,154,successful,1,0.95,0,1.00498,2400.55,3778.93,0.8794737880922128,0.0,0.0205505744957564,127.0,0.04143255
DGP-N,155,successful,1,0.95,0,1.00447,2288.98,3927.43,0.8965927422625249,0.0,0.0209593355781469,127.0,0.04024335
DGP-N,156,successful,1,0.95,0,1.00453,2410.62,4003.65,0.9169961068047248,0.0,0.0204623428282995,63.0,0.05079155
DGP-N,157,successful,1,0.95,0,1.00693,2520.24,3929.2,0.9135196107041168,0.0,0.0199463975393451,127.0,0.0411134499999999
DGP-N,158,successful,1,0.95,0,1.00441,2248.42,3947.66,0.897060643510154,0.0,0.0210607936693595,127.0,0.0345711999999999
DGP-N,159,successful,1,0.95,0,1.00509,1739.71,3109.88,0.8560509383910747,0.0,0.0240974510027576,63.0,0.05159355
DGP-N,160,successful,1,0.95,0,1.00469,2113.83,2917.1,0.9036616769287176,0.0,0.0218020271481415,127.0,0.04436805
DGP-N,161,successful,1,0.95,0,1.00562,2712.84,4284.1,0.9622881316834634,0.0,0.0192372526126597,127.0,0.04718795
DGP-N,162,successful,1,0.95,0,1.00485,2273.07,3025.3,0.8315353760217313,0.0,0.0210135592822155,127.0,0.0402089
DGP-N,163,successful,1,0.95,0,1.00442,2576.96,3932.78,0.8878318886641833,0.0,0.0197524416240124,127.0,0.03339425
DGP-N,164,successful,1,0.95,0,1.00521,2448.77,4106.21,0.9160222877045446,0.0,0.0202385059519566,127.0,0.0400524
DGP-N,165,successful,1,0.95,0,1.00478,2381.77,3902.07,0.9208993955348468,0.0,0.0205721486676637,127.0,0.0451248
DGP-N,166,successful,1,0.95,0,1.00441,2571.54,4140.99,0.8944487239413043,0.0,0.019784897043783,127.0,0.0370392
DGP-N,167,successful,1,0.95,0,1.00386,2658.36,3672.47,0.9525884162555668,0.0,0.0194266123007708,127.0,0.0345064499999999
DGP-N,168,successful,1,0.95,0,1.00468,2365.96,3867.55,0.925124154513958,0.0,0.02056095234731,127.0,0.0447087
DGP-N,169,successful,1,0.95,0,1.00483,2608.43,3956.06,0.8998853011888523,0.0,0.0197622914038148,127.0,0.0456374
DGP-N,170,successful,1,0.95,0,1.00491,2131.64,3820.52,0.8753241659651397,0.0,0.0217970649584675,127.0,0.04805375
DGP-N,171,successful,1,0.95,0,1.00428,2490.85,3974.69,0.888731801241356,0.0,0.0206105938714634,95.0,0.0495996499999999
DGP-N,172,successful,1,0.95,0,1.00557,2179.19,3475.99,0.8975806470876718,0.0,0.0214172437011949,127.0,0.0422324
DGP-N,173,successful,1,0.95,0,1.00522,2223.86,3927.45,0.8691958252349296,0.0,0.0212445027004453,127.0,0.0462785
DGP-N,174,successful,1,0.95,0,1.00386,2074.51,3584.94,0.9137371006767658,0.0,0.0222589576382057,95.0,0.04800015
DGP-N,175,successful,1,0.95,0,1.00432,2581.46,4082.78,0.909429232157789,0.0,0.0197027821048612,127.0,0.04025805
DGP-N,176,successful,1,0.95,0,1.00459,2177.46,3792.13,0.8858373184739294,0.0,0.0214816184217326,127.0,0.0435862999999999
DGP-N,177,successful,1,0.95,0,1.00465,2554.66,4107.98,0.884644091009136,0.0,0.019762118163011,127.0,0.03590725
DGP-N,178,successful,1,0.95,0,1.00505,2322.58,4048.83,0.891052490145998,0.0,0.0207354033277803,95.0,0.05015955
DGP-N,179,successful,1,0.95,0,1.0041,2280.99,3718.97,0.9249292796435752,0.0,0.0209301906680721,63.0,0.05159565
DGP-N,180,successful,1,0.95,0,1.00405,2530.84,3891.26,0.9384625967580726,0.0,0.0199324286230348,127.0,0.038768
DGP-N,181,successful,1,0.95,0,1.0054,2377.16,3860.47,0.9118171525278737,0.0,0.0205490826682112,127.0,0.0353368
DGP-N,182,successful,1,0.95,0,1.00384,2036.59,3224.45,0.9052228791683242,0.0,0.0223524440977639,63.0,0.0568214499999999
DGP-N,183,successful,1,0.95,0,1.00428,2182.13,2913.06,0.8838670982541592,0.0,0.0214679390177367,127.0,0.0474276
DGP-N,184,successful,1,0.95,0,1.0047,2361.49,3739.37,0.932561825275548,0.0,0.0205715161329064,127.0,0.0357752
DGP-N,185,successful,1,0.95,0,1.00426,2478.9,4208.88,0.8836598975123829,0.0,0.0201454075173975,127.0,0.0491917
DGP-N,186,successful,1,0.95,0,1.00459,2604.34,4224.4,0.8995099522217699,0.0,0.0197296699451617,127.0,0.0458374
DGP-N,187,successful,1,0.95,0,1.00451,2439.82,4297.46,0.8776925984973059,0.0,0.0203384976803689,95.0,0.0525251
DGP-N,188,successful,1,0.95,0,1.00467,2365.93,3634.38,0.8900709799478272,0.0,0.0205925612081227,127.0,0.04506405
DGP-N,189,successful,1,0.95,0,1.00488,2652.45,3925.35,0.8827185027121961,0.0,0.019446650669866,127.0,0.0471083
DGP-N,190,successful,1,0.95,0,1.00414,2173.52,3442.64,0.91434875593543,0.0,0.0220877661639772,63.0,0.05064535
DGP-N,191,successful,1,0.95,0,1.00439,2414.07,3768.31,0.8745561381267076,0.0,0.0203817680681472,127.0,0.0344451
DGP-N,192,successful,1,0.95,0,1.00373,2259.58,4066.19,0.9287771512174016,0.0,0.0210798122065727,127.0,0.04820985
DGP-N,193,successful,1,0.95,0,1.00515,2433.19,3603.84,0.9156684676471062,0.0,0.0202854601037769,127.0,0.04129215
DGP-N,194,successful,1,0.95,0,1.00326,2194.58,3624.45,0.9155350305740187,0.0,0.021412704517143,63.0,0.050668
DGP-N,195,successful,1,0.95,0,1.00498,2333.03,3394.07,0.8958671870403951,0.0,0.0209785496620837,127.0,0.0441274
DGP-N,196,successful,1,0.95,0,1.00467,2244.36,3590.29,0.8992399218115246,0.0,0.0211610169140804,127.0,0.0451330999999999
DGP-N,197,successful,1,0.95,0,1.00466,2395.34,2230.11,0.9033582926638762,0.0,0.0213243360644296,127.0,0.03507725
DGP-N,198,successful,1,0.95,0,1.00395,2570.21,3540.43,0.934761302306332,0.0,0.0198035583958393,127.0,0.04198585
DGP-N,199,successful,2,0.97,0,1.00517,2383.63,3724.05,0.9133811109124362,0.0,0.020531014191069,127.0,0.0384020499999999
DGP-N,200,successful,1,0.95,0,1.00406,2485.58,3479.18,0.9122805357815316,0.0,0.0199912864326803,127.0,0.04160505
