hac_lag,horizon,loss,mean_loss_difference,mean_loss_garch_t,mean_loss_nn_sv,model_a,model_b,n_candidate_origins,n_common,n_garch_t_available,n_nn_sv_available,p_value,sign_convention,statistic,market
6,1,qlike,0.00320609792462154,0.37432414837391187,0.3775302462985334,NN-SV,GARCH-t,1012,1012,1012,1012,0.7146312992596067,negative_mean_difference_favors_NN_SV,0.3657457718620407,SP500
6,1,return_log_score,0.003370396403449942,-3.2478802937193842,-3.2445098973159334,NN-SV,GARCH-t,1012,1012,1012,1012,0.46077989205841363,negative_mean_difference_favors_NN_SV,0.73784495468679,SP500
6,5,qlike,0.019912760595224056,0.34480267312364493,0.364715433718869,NN-SV,GARCH-t,965,965,965,965,0.07418846200230216,negative_mean_difference_favors_NN_SV,1.787390533769744,SP500
9,10,qlike,0.02909459457752679,0.390896900600026,0.4199914951775528,NN-SV,GARCH-t,910,910,910,910,0.1607656559926873,negative_mean_difference_favors_NN_SV,1.4036465268934017,SP500
6,1,qlike,-0.0012401732978754554,0.32747723807947154,0.3262370647815962,NN-SV,GARCH-t,1036,1036,1036,1036,0.8491384182198449,negative_mean_difference_favors_NN_SV,-0.1902654730725905,FTSE100
6,1,return_log_score,-0.0034815880472569105,-3.2553121874575157,-3.2587937755047722,NN-SV,GARCH-t,1036,1036,1036,1036,0.2543761995092619,negative_mean_difference_favors_NN_SV,-1.1404175691565046,FTSE100
6,5,qlike,0.014945188253957778,0.22145066773114944,0.2363958559851072,NN-SV,GARCH-t,1024,1024,1024,1024,0.14015447945560003,negative_mean_difference_favors_NN_SV,1.4763619914167185,FTSE100
9,10,qlike,0.019702035672789588,0.22269992099230435,0.24240195666509393,NN-SV,GARCH-t,1009,1009,1009,1009,0.17456945813034558,negative_mean_difference_favors_NN_SV,1.3586248099135203,FTSE100
6,1,qlike,0.006253863240089403,0.3803323436045781,0.3865862068446675,NN-SV,GARCH-t,1029,1029,1029,1029,0.661308820066546,negative_mean_difference_favors_NN_SV,0.43823388258417406,DAX
6,1,return_log_score,-0.005355040642167125,-3.1077767215519803,-3.1131317621941474,NN-SV,GARCH-t,1029,1029,1029,1029,0.18146424147441884,negative_mean_difference_favors_NN_SV,-1.3371660455047667,DAX
6,5,qlike,0.029663632926120294,0.2571723650384989,0.28683599796461917,NN-SV,GARCH-t,1005,1005,1005,1005,0.11667701051343966,negative_mean_difference_favors_NN_SV,1.5702286318476353,DAX
9,10,qlike,0.03754398108899756,0.26404859797239816,0.3015925790613957,NN-SV,GARCH-t,975,975,975,975,0.1418446472765198,negative_mean_difference_favors_NN_SV,1.4701478999549973,DAX
