market,model_id,horizon,observations,reporting_mode,mean_return_crps,mean_return_log_score,pit_mean,pit_variance,coverage_50,coverage_50_mean_width,coverage_90,coverage_90_mean_width,coverage_95,coverage_95_mean_width
SP500,GARCH-t,1,1012,iid_reference_tests,0.0060286492347774775,-3.2478802937193842,0.5263603572723492,0.08259817867665759,0.5009881422924901,0.01299991815677938,0.9061264822134387,0.03499301647097158,0.9535573122529645,0.0439514383386438
SP500,GARCH-t,5,965,descriptive_summary,0.013105843150183552,,0.5423642758798319,0.08015356694208799,0.48808290155440415,0.030030364643627464,0.9119170984455959,0.07968999631082067,0.9523316062176166,0.09927749009153405
SP500,GARCH-t,10,910,descriptive_summary,0.019157849341233088,,0.5503853087563881,0.08022725521243282,0.4989010989010989,0.042502862193082094,0.8901098901098901,0.1134177374240747,0.9406593406593406,0.14183354654373662
FTSE100,GARCH-t,1,1036,iid_reference_tests,0.005579822428784183,-3.2553121874575157,0.5088424108638341,0.07962680168506062,0.5202702702702703,0.012742682201175809,0.9054054054054054,0.03313726859010601,0.944015444015444,0.04081927255845488
FTSE100,GARCH-t,5,1024,descriptive_summary,0.01208097268202675,,0.5085531208870466,0.07450654274960057,0.5625,0.028718820347165247,0.90625,0.0746226682778268,0.9462890625,0.09210849341412453
FTSE100,GARCH-t,10,1009,descriptive_summary,0.01728569399916022,,0.5080583914628797,0.07207087321268844,0.5896927651139743,0.040676965370670615,0.9137760158572844,0.10657869959976606,0.9425173439048563,0.1317107946260525
DAX,GARCH-t,1,1029,iid_reference_tests,0.006421996457613875,-3.1077767215519803,0.5121993259230546,0.07735840486186163,0.5519922254616132,0.014723043916228567,0.8999028182701652,0.03878513333339367,0.9475218658892128,0.048070881547798885
DAX,GARCH-t,5,1005,descriptive_summary,0.014633526634863748,,0.5117861849255276,0.07566442977629873,0.5482587064676617,0.03353888434836861,0.9034825870646767,0.08699150367731952,0.9393034825870646,0.10712139091462691
DAX,GARCH-t,10,975,descriptive_summary,0.021283818604513834,,0.507206861186535,0.07606985450424916,0.5384615384615384,0.04717372379036654,0.9066666666666666,0.12283640218706422,0.9435897435897436,0.1514571671881469
