market,model_id,display_name,n_common,mean_qlike,rank,in_expanded_90pct_mcs
SP500,NN-SV,NN-SV,1012,0.3775302462985334,10,False
SP500,RV-NN-SV,RV-NN-SV,1012,0.3270885954364745,7,False
SP500,SV,SV,1012,0.39381275857007464,11,False
SP500,HAR-RV,HAR-RV,1012,0.2863553505514945,4,False
SP500,SHAR-RV,SHAR-RV,1012,0.2719911265378258,2,True
SP500,log-HAR-RV,log-HAR-RV,1012,0.2864224529338962,5,False
SP500,Realized-GARCH-Gaussian-QMLE,Realized-GARCH-Gaussian-QMLE,1012,0.2620496608891385,1,True
SP500,NN-ENSEMBLE-EQUAL,NN-ENSEMBLE-EQUAL,1012,0.34645933347068353,9,False
SP500,NN-ENSEMBLE-QLIKE,NN-ENSEMBLE-QLIKE,1012,0.3275438012966027,8,False
SP500,RV-NN-SV-HAR,RV-NN-SV-MS,1012,0.3201145890760474,6,False
SP500,RV-LIN-SV-HAR,RV-LIN-SV-MS,1012,0.2732360547487189,3,True
FTSE100,NN-SV,NN-SV,1036,0.3262370647815962,10,False
FTSE100,RV-NN-SV,RV-NN-SV,1036,0.3160651174703629,8,False
FTSE100,SV,SV,1036,0.33504495169089166,11,False
FTSE100,HAR-RV,HAR-RV,1036,0.29347562586640863,4,True
FTSE100,SHAR-RV,SHAR-RV,1036,0.2907417700771231,3,True
FTSE100,log-HAR-RV,log-HAR-RV,1036,0.3019481186870616,5,True
FTSE100,Realized-GARCH-Gaussian-QMLE,Realized-GARCH-Gaussian-QMLE,1036,0.28934166106181775,2,True
FTSE100,NN-ENSEMBLE-EQUAL,NN-ENSEMBLE-EQUAL,1036,0.31773339690635205,9,False
FTSE100,NN-ENSEMBLE-QLIKE,NN-ENSEMBLE-QLIKE,1036,0.3159640438982283,7,False
FTSE100,RV-NN-SV-HAR,RV-NN-SV-MS,1036,0.31090414765023766,6,False
FTSE100,RV-LIN-SV-HAR,RV-LIN-SV-MS,1036,0.28058393954865773,1,True
DAX,NN-SV,NN-SV,1029,0.3865862068446675,10,False
DAX,RV-NN-SV,RV-NN-SV,1029,0.3580884413396097,7,False
DAX,SV,SV,1029,0.39868192196023905,11,False
DAX,HAR-RV,HAR-RV,1029,0.32150051715399036,4,True
DAX,SHAR-RV,SHAR-RV,1029,0.3081324420385919,1,True
DAX,log-HAR-RV,log-HAR-RV,1029,0.3350088533114464,5,False
DAX,Realized-GARCH-Gaussian-QMLE,Realized-GARCH-Gaussian-QMLE,1029,0.3194954805036512,3,True
DAX,NN-ENSEMBLE-EQUAL,NN-ENSEMBLE-EQUAL,1029,0.3693298752869466,9,False
DAX,NN-ENSEMBLE-QLIKE,NN-ENSEMBLE-QLIKE,1029,0.3580884413396097,7,False
DAX,RV-NN-SV-HAR,RV-NN-SV-MS,1029,0.3399143073503778,6,False
DAX,RV-LIN-SV-HAR,RV-LIN-SV-MS,1029,0.3126279921606254,2,True
