origin_date,model_id,forecast,baseline_moment,correction_multiplier,mean_baseline,mean_correction
2020-02-27,NN-SV,0.00034701077748377964,0.0002850773571005899,1.2172512787865382,0.6050547599683846,0.19468690230526378
2020-02-27,RV-NN-SV,0.0002868195193763932,0.0001632601837673933,1.7568246755439305,0.08811545938281261,0.5625559334669616
2020-02-27,RV-LIN-SV,0.0006548590791829788,0.00011903773988283339,5.501272788172425,-0.20195257615769996,1.702080328325748
2020-03-02,NN-SV,0.00027146418514508607,0.00036965890597312804,0.7343639792214823,0.8582324416488574,-0.3136663632957802
2020-03-02,RV-NN-SV,0.00020693999084648118,0.00018991325679326997,1.0896553212804183,0.2334493622345291,0.08080018631006758
2020-03-02,RV-LIN-SV,0.0002837369932723897,0.00012218718633642372,2.322150151581061,-0.1782042376627387,0.8386006956876605
2020-03-06,NN-SV,0.0007105388372692202,0.0005967060537563195,1.1907686084233817,1.3335002995438305,0.17446012247905174
2020-03-06,RV-NN-SV,0.0005926385856811183,0.00030387879098950615,1.9502466221855672,0.7065905321395145,0.6696490223494176
2020-03-06,RV-LIN-SV,0.0005824316508179783,0.0001535656276629839,3.792721455195602,0.04863857268310413,1.3362416433332536
2020-03-11,NN-SV,0.0014304847457559731,0.0012011222508132738,1.190956827906068,2.0252342632654257,0.17526039835278423
2020-03-11,RV-NN-SV,0.0008992014684864698,0.0005373323203343313,1.6734550192830042,1.259376548908889,0.516349741922162
2020-03-11,RV-LIN-SV,0.000998080767392442,0.00020590555713418282,4.847274552876788,0.3247117389785056,1.579146155708298
2020-03-13,NN-SV,0.0014391683718164969,0.002005753772756756,0.7175199625019124,2.52337658472213,-0.3373365365067772
2020-03-13,RV-NN-SV,0.0008553410307801557,0.0008940617692489541,0.9566912043433808,1.7469550308573283,-0.045081902776678034
2020-03-13,RV-LIN-SV,0.0008288997785670695,0.0002542737688399242,3.2598713675766375,0.5116334351999204,1.1725609331288558
