origin_date,model_id,log_forecast_ratio,log_baseline_ratio,log_correction_multiplier_ratio
2020-02-27,RV-NN-SV,-0.19050267289361428,-0.5574154242273002,0.36691275133368584
2020-02-27,RV-LIN-SV,0.6350642277068385,-0.8733199871565176,1.508384214863356
2020-03-02,RV-NN-SV,-0.27140136397732506,-0.6660132799815893,0.3946119160042642
2020-03-02,RV-LIN-SV,0.044217513135964524,-1.1070265215924275,1.151244034728392
2020-03-06,RV-NN-SV,-0.18143886238543,-0.6747957118216911,0.4933568494362611
2020-03-06,RV-LIN-SV,-0.19881176702443176,-1.3572966024343978,1.158484835409966
2020-03-11,RV-NN-SV,-0.4642615366169426,-0.8043948585888523,0.3401333219719099
2020-03-11,RV-LIN-SV,-0.35993444657050333,-1.763594004600912,1.4036595580304085
2020-03-13,RV-NN-SV,-0.5203204503492681,-0.808000349696254,0.287679899346986
2020-03-13,RV-LIN-SV,-0.5517214527127673,-2.0653636989474036,1.5136422462346364
