market,period,metric,horizon,n,mean_rv,mean_nn,statistic,p_value,mean_loss_difference,hac_lag
SP500,full,qlike,1,1012,0.3270885954364745,0.3775302462985334,-4.2211466309260315,2.6493455959574075e-05,-0.05044165086205887,6
SP500,2020,qlike,1,243,0.4247331937207183,0.41299092880035165,0.34445134663413357,0.7308060193381889,0.011742264920366636,4
SP500,full,qlike,5,965,0.33328914238086643,0.364715433718869,-2.9066476119783866,0.0037368966141894024,-0.03142629133800258,6
SP500,2020,qlike,5,224,0.4802072285262926,0.4502042047317885,1.0941124057552847,0.2750860776073993,0.030003023794504112,4
SP500,full,qlike,10,910,0.4080412381611764,0.4199914951775528,-0.7535589519891109,0.451309235031914,-0.011950257016376468,9
SP500,2020,qlike,10,199,0.7595998766101123,0.6818005063277447,1.350940699082271,0.17825618570561783,0.07779937028236755,9
SP500,full,return_log_score,1,1012,-3.270505454414863,-3.2445098973159334,-4.198864476376889,2.9189702255177886e-05,-0.025995557098929128,6
SP500,2020,return_log_score,1,243,-2.8063352226621596,-2.8040777882054173,-0.12453167372202945,0.9009977025898758,-0.002257434456741997,4
SP500,full,return_crps,1,1012,0.006013370527085646,0.006040563865136727,-1.3843616474968983,0.16655322095945133,-2.7193338051082507e-05,6
SP500,2020,return_crps,1,243,0.009944827306006893,0.009907088753630524,0.52978238197058,0.596748519686678,3.7738552376369326e-05,4
SP500,full,return_crps,5,965,0.012994014745871902,0.013019052895137335,-1.1831093544631957,0.2370575005983704,-2.5038149265432618e-05,6
SP500,2020,return_crps,5,224,0.020987238529412866,0.020927743024485423,0.8271984733554648,0.4090088510262442,5.949550492744439e-05,4
SP500,full,return_crps,10,910,0.019033265481382206,0.01905070801211338,-0.5219730230561114,0.6018162789056537,-1.7442530731174652e-05,9
SP500,2020,return_crps,10,199,0.033556368853434,0.033409129552340794,1.1735660974008753,0.24197861407999208,0.00014723930109320667,9
FTSE100,full,qlike,1,1036,0.3160651174703629,0.3262370647815962,-1.2432302363448449,0.214064546918742,-0.010171947311233233,6
FTSE100,2020,qlike,1,250,0.4134788314029306,0.40765342408280525,0.3404313623744431,0.7338187336949387,0.005825407320125412,4
FTSE100,full,qlike,5,1024,0.22622521782796218,0.2363958559851072,-2.858754691199304,0.004339413178130318,-0.01017063815714504,6
FTSE100,2020,qlike,5,242,0.3558684172553875,0.3591079010635903,-0.34812012034274586,0.728053856973493,-0.003239483808202897,4
FTSE100,full,qlike,10,1009,0.23420475913138908,0.24240195666509393,-2.418093616187183,0.01577848857752973,-0.008197197533704856,9
FTSE100,2020,qlike,10,232,0.44133811941993056,0.44094636654050656,0.033066127392949826,0.9736504074169776,0.00039175287942402306,9
FTSE100,full,return_log_score,1,1036,-3.2667899831421408,-3.2587937755047722,-2.107308304119929,0.03533094002940398,-0.007996207637368696,6
FTSE100,2020,return_log_score,1,250,-2.7460795317691895,-2.744113960376496,-0.2643769810361317,0.7917081413293658,-0.00196557139269369,4
FTSE100,full,return_crps,1,1036,0.00556363196437644,0.005578381531309715,-2.4013214418810973,0.016511528474817707,-1.4749566933275005e-05,6
FTSE100,2020,return_crps,1,250,0.009278204884581899,0.009291423994538693,-0.739270629853319,0.460439016291733,-1.3219109956791551e-05,4
FTSE100,full,return_crps,5,1024,0.012057622611300004,0.012074892281100858,-1.852236106219258,0.06427984527791611,-1.7269669800855073e-05,6
FTSE100,2020,return_crps,5,242,0.021296855680085356,0.02130094624168437,-0.15060272228532498,0.8804150878105693,-4.090561599015645e-06,4
FTSE100,full,return_crps,10,1009,0.017229208081044788,0.017235585779996777,-0.48392770682309677,0.6285422905168516,-6.377698951989627e-06,9
FTSE100,2020,return_crps,10,232,0.032688706519644305,0.03267357523387916,0.3803488144357698,0.7040360065762616,1.5131285765143929e-05,9
DAX,full,qlike,1,1029,0.3580884413396097,0.3865862068446675,-4.863690798555241,1.3322549651371867e-06,-0.0284977655050578,6
DAX,2020,qlike,1,250,0.45526066999902015,0.48327673383073944,-1.8708074822558214,0.06254469456246774,-0.028016063831719243,4
DAX,full,qlike,5,1005,0.25455229842117194,0.28683599796461917,-3.2747497732647446,0.001093702229873504,-0.032283699543447224,6
DAX,2020,qlike,5,242,0.41012904169671355,0.441356724251133,-1.7662090535485442,0.07862678182147174,-0.03122768255441948,4
DAX,full,qlike,10,975,0.27771955470118,0.3015925790613957,-2.8421175477672103,0.004575059562896082,-0.023873024360215763,9
DAX,2020,qlike,10,232,0.5542303584101115,0.5699495886086613,-0.7566369423885742,0.45003839525999056,-0.01571923019854983,9
DAX,full,return_log_score,1,1029,-3.1292883211193825,-3.1131317621941474,-4.804150740882404,1.7850607195078676e-06,-0.01615655892523431,6
DAX,2020,return_log_score,1,250,-2.674278954880955,-2.6556761774779534,-2.2128830038494476,0.027813177802373915,-0.018602777403001855,4
DAX,full,return_crps,1,1029,0.00637415004821449,0.00641466631406294,-5.567390705366457,3.299444420962941e-08,-4.051626584844948e-05,6
DAX,2020,return_crps,1,250,0.01005219902901706,0.010124668038419894,-3.441658095516581,0.0006779375286333545,-7.246900940283256e-05,4
DAX,full,return_crps,5,1005,0.014558734433529917,0.014599599684994425,-2.8785820335173677,0.004079419326168883,-4.0865251464507775e-05,6
DAX,2020,return_crps,5,242,0.025766991705692896,0.025807251872557748,-0.8388538404089629,0.4023825999257933,-4.026016686485171e-05,4
DAX,full,return_crps,10,975,0.02123287111696818,0.02125202475229552,-0.970017110459933,0.3322787769173198,-1.9153635327339523e-05,9
DAX,2020,return_crps,10,232,0.03924756924887489,0.039203946899428695,0.6649969154119661,0.5067158242989416,4.362234944618815e-05,9
