variant,market,role,n,statistic,p_value,mean_loss_difference,hac_lag,p_holm
original,SP500,form,1021,4.82299312667834,1.629531654397947e-06,0.0464965424824503,6,4.888594963193841e-06
original,SP500,NN_inputs,1012,-1.3518704517307525,0.1767191168950236,-0.006974006360427,6,0.3534382337900473
original,SP500,LIN_inputs,930,-2.892575531253704,0.0039101826186346,-0.0216514613041546,6,0.0156407304745385
original,FTSE100,form,1045,2.8768044932262864,0.0040990021216752,0.0317225678231755,6,0.0081980042433505
original,FTSE100,NN_inputs,1036,-0.9894794219702396,0.3226598933960369,-0.0051609698201252,6,0.3534382337900473
original,FTSE100,LIN_inputs,1003,-3.3384155045509973,0.0008735948217513,-0.0319571525193337,6,0.0052415689305082
original,DAX,form,1038,2.6585713197024052,0.0079681014087963,0.0264762404667766,6,0.0081980042433505
original,DAX,NN_inputs,1029,-1.985285194216602,0.0473781416069574,-0.0181741339892318,6,0.1421344248208722
original,DAX,LIN_inputs,1021,-3.299206803818308,0.0010031210644421,-0.0296067771887256,6,0.0052415689305082
reconstructed,SP500,form,1021,4.82299312667834,1.629531654397947e-06,0.0464965424824503,6,4.888594963193841e-06
reconstructed,SP500,NN_inputs,1012,-1.3518704517307525,0.1767191168950236,-0.006974006360427,6,0.3534382337900473
reconstructed,SP500,LIN_inputs,930,-2.892575531253704,0.0039101826186346,-0.0216514613041546,6,0.0156407304745385
reconstructed,FTSE100,form,1045,2.959304273515756,0.0031529398922759,0.0325158827483677,6,0.0063058797845518
reconstructed,FTSE100,NN_inputs,1036,-0.9449124526725554,0.3449241031060175,-0.0049137937198668,6,0.3534382337900473
reconstructed,FTSE100,LIN_inputs,1003,-3.3419337568710974,0.000862718459948,-0.0319945972471463,6,0.0051763107596883
reconstructed,DAX,form,1038,2.6573987573223103,0.0079956804492842,0.0264613422899368,6,0.0079956804492842
reconstructed,DAX,NN_inputs,1029,-1.9848693166690583,0.0474244787626053,-0.0181701856183412,6,0.142273436287816
reconstructed,DAX,LIN_inputs,1021,-3.2980044302472136,0.0010073804498352,-0.0295890935838659,6,0.0051763107596883
