variant,market,role,metric,horizon,period,n,mean_a,mean_b,statistic,p_value,mean_loss_difference,hac_lag
original,SP500,information,qlike,1,full,1012,0.3270885954364745,0.3775302462985334,-4.2211466309260315,2.6493455959574075e-05,-0.0504416508620588,6
original,SP500,information,qlike,1,2020,243,0.4247331937207183,0.4129909288003516,0.3444513466341335,0.7308060193381889,0.0117422649203666,4
original,SP500,information,qlike,5,full,965,0.3332891423808664,0.364715433718869,-2.9066476119783866,0.0037368966141894,-0.0314262913380025,6
original,SP500,information,qlike,5,2020,224,0.4802072285262926,0.4502042047317885,1.094112405755285,0.2750860776073993,0.0300030237945041,4
original,SP500,information,qlike,10,full,910,0.4080412381611764,0.4199914951775528,-0.7535589519891109,0.451309235031914,-0.0119502570163764,9
original,SP500,information,qlike,10,2020,199,0.7595998766101123,0.6818005063277447,1.350940699082271,0.1782561857056178,0.0777993702823675,9
original,SP500,neural_form,qlike,1,full,921,0.3363204260878441,0.3038058134569124,4.346839114135457,1.5350903332347367e-05,0.0325146126309318,6
original,SP500,neural_form,qlike,1,2020,243,0.4247331937207183,0.3840793232232798,1.8054018509772665,0.0722545656934202,0.0406538704974384,4
original,SP500,combination,qlike,1,full,1012,0.3275438012966027,0.3270885954364745,1.3817851000701311,0.1673429419977618,0.0004552058601281,6
original,SP500,combination,qlike,1,2020,243,0.425815284861927,0.4247331937207183,0.9816279526069612,0.3272635141914967,0.0010820911412087,4
original,SP500,combination,qlike,5,full,965,0.3339032807761535,0.3332891423808664,1.259859849862797,0.2080248382375776,0.0006141383952871,6
original,SP500,combination,qlike,5,2020,224,0.4806436239443349,0.4802072285262926,0.3154870284473798,0.7526869426143168,0.0004363954180422,4
original,SP500,combination,qlike,10,full,910,0.4169940401109087,0.4080412381611764,3.043991201786801,0.002401831917547,0.0089528019497323,9
original,SP500,combination,qlike,10,2020,199,0.7671411618714237,0.7595998766101123,1.3056262847766105,0.1931946637636808,0.0075412852613113,9
original,SP500,information,return_log_score,1,full,1012,-3.270505454414863,-3.2445098973159334,-4.198864476376889,2.918970225517789e-05,-0.0259955570989291,6
original,SP500,information,return_log_score,1,2020,243,-2.8063352226621596,-2.8040777882054173,-0.1245316737220294,0.9009977025898758,-0.0022574344567419,4
original,SP500,combination,return_log_score,1,full,1012,-3.2706168215475055,-3.270505454414863,-0.678756318123054,0.4974476162100525,-0.0001113671326426,6
original,SP500,combination,return_log_score,1,2020,243,-2.806556817805152,-2.8063352226621596,-0.4213555788320332,0.6738694549291335,-0.000221595142992,4
original,SP500,information,return_crps,1,full,1012,0.0060133705270856,0.0060405638651367,-1.3843616474968985,0.1665532209594513,-2.7193338051082507e-05,6
original,SP500,information,return_crps,1,2020,243,0.0099448273060068,0.0099070887536305,0.52978238197058,0.596748519686678,3.7738552376369326e-05,4
original,SP500,information,return_crps,5,full,965,0.0129940147458719,0.0130190528951373,-1.1831093544631957,0.2370575005983704,-2.5038149265432615e-05,6
original,SP500,information,return_crps,5,2020,224,0.0209872385294128,0.0209277430244854,0.8271984733554648,0.4090088510262442,5.949550492744439e-05,4
original,SP500,information,return_crps,10,full,910,0.0190332654813822,0.0190507080121133,-0.5219730230561114,0.6018162789056537,-1.7442530731174652e-05,9
original,SP500,information,return_crps,10,2020,199,0.033556368853434,0.0334091295523407,1.1735660974008753,0.241978614079992,0.0001472393010932,9
original,FTSE100,information,qlike,1,full,1036,0.3160651174703629,0.3262370647815962,-1.2432302363448449,0.214064546918742,-0.0101719473112332,6
original,FTSE100,information,qlike,1,2020,250,0.4134788314029306,0.4076534240828052,0.3404313623744431,0.7338187336949387,0.0058254073201254,4
original,FTSE100,information,qlike,5,full,1024,0.2262252178279621,0.2363958559851072,-2.858754691199304,0.0043394131781303,-0.010170638157145,6
original,FTSE100,information,qlike,5,2020,242,0.3558684172553875,0.3591079010635903,-0.3481201203427458,0.728053856973493,-0.0032394838082028,4
original,FTSE100,information,qlike,10,full,1009,0.234204759131389,0.2424019566650939,-2.418093616187183,0.0157784885775297,-0.0081971975337048,9
original,FTSE100,information,qlike,10,2020,232,0.4413381194199305,0.4409463665405065,0.0330661273929498,0.9736504074169776,0.000391752879424,9
original,FTSE100,neural_form,qlike,1,full,994,0.3179539064440138,0.3106757338116129,0.9014453776115716,0.3675701470826039,0.0072781726324009,6
original,FTSE100,neural_form,qlike,1,2020,228,0.4318602785199423,0.3932192452020329,1.4422509323532398,0.1506098840139337,0.0386410333179094,4
original,FTSE100,combination,qlike,1,full,1036,0.3159640438982283,0.3160651174703629,-0.1182469489321401,0.905894935089989,-0.0001010735721346,6
original,FTSE100,combination,qlike,1,2020,250,0.4146630023915729,0.4134788314029306,0.541732432947812,0.5884872552982552,0.0011841709886423,4
original,FTSE100,combination,qlike,5,full,1024,0.2262252178279621,0.2262252178279621,-9.612362597238972e-09,0.9999999923323184,-9.54097911787244e-18,6
original,FTSE100,combination,qlike,5,2020,242,0.3558684172553874,0.3558684172553875,-2.0376878678212933e-08,0.99999998375846,-4.220682572955141e-17,4
original,FTSE100,combination,qlike,10,full,1009,0.2342876919526451,0.234204759131389,1.549208856313372,0.1216454112190778,8.293282125598056e-05,9
original,FTSE100,combination,qlike,10,2020,232,0.4416988056985826,0.4413381194199305,1.5659624505429075,0.1187262506854314,0.000360686278652,9
original,FTSE100,information,return_log_score,1,full,1036,-3.2667899831421408,-3.258793775504772,-2.107308304119929,0.0353309400294039,-0.0079962076373686,6
original,FTSE100,information,return_log_score,1,2020,250,-2.7460795317691895,-2.744113960376496,-0.2643769810361317,0.7917081413293658,-0.0019655713926936,4
original,FTSE100,combination,return_log_score,1,full,1036,-3.264797642613069,-3.2667899831421408,2.262837623027693,0.023852253005412,0.0019923405290715,6
original,FTSE100,combination,return_log_score,1,2020,250,-2.7459703010810355,-2.7460795317691895,0.4027433385510652,0.6874826046111069,0.0001092306881543,4
original,FTSE100,information,return_crps,1,full,1036,0.0055636319643764,0.0055783815313097,-2.4013214418810973,0.0165115284748177,-1.4749566933275003e-05,6
original,FTSE100,information,return_crps,1,2020,250,0.0092782048845818,0.0092914239945386,-0.739270629853319,0.460439016291733,-1.3219109956791553e-05,4
original,FTSE100,information,return_crps,5,full,1024,0.0120576226113,0.0120748922811008,-1.852236106219258,0.0642798452779161,-1.7269669800855073e-05,6
original,FTSE100,information,return_crps,5,2020,242,0.0212968556800853,0.0213009462416843,-0.1506027222853249,0.8804150878105693,-4.090561599015645e-06,4
original,FTSE100,information,return_crps,10,full,1009,0.0172292080810447,0.0172355857799967,-0.4839277068230967,0.6285422905168516,-6.377698951989627e-06,9
original,FTSE100,information,return_crps,10,2020,232,0.0326887065196443,0.0326735752338791,0.3803488144357698,0.7040360065762616,1.5131285765143927e-05,9
original,DAX,information,qlike,1,full,1029,0.3580884413396097,0.3865862068446675,-4.863690798555241,1.3322549651371869e-06,-0.0284977655050578,6
original,DAX,information,qlike,1,2020,250,0.4552606699990201,0.4832767338307394,-1.8708074822558216,0.0625446945624677,-0.0280160638317192,4
original,DAX,information,qlike,5,full,1005,0.2545522984211719,0.2868359979646191,-3.2747497732647446,0.0010937022298735,-0.0322836995434472,6
original,DAX,information,qlike,5,2020,242,0.4101290416967135,0.441356724251133,-1.7662090535485442,0.0786267818214717,-0.0312276825544194,4
original,DAX,information,qlike,10,full,975,0.27771955470118,0.3015925790613957,-2.8421175477672103,0.004575059562896,-0.0238730243602157,9
original,DAX,information,qlike,10,2020,232,0.5542303584101115,0.5699495886086613,-0.7566369423885742,0.4500383952599905,-0.0157192301985498,9
original,DAX,neural_form,qlike,1,full,1012,0.3251414759027033,0.3176300579235295,1.2711165083911906,0.2039795788648035,0.0075114179791738,6
original,DAX,neural_form,qlike,1,2020,249,0.4565549570136595,0.4341199122936687,1.055763755967278,0.2921035561464908,0.0224350447199908,4
original,DAX,combination,qlike,1,full,1029,0.3580884413396097,0.3580884413396097,2.1878694697662995e-10,0.9999999998254756,2.1578678807097308e-19,6
original,DAX,combination,qlike,1,2020,250,0.4552606699990201,0.4552606699990201,4.432001414711326e-09,0.9999999964673232,8.881784197001254e-18,4
original,DAX,combination,qlike,5,full,1005,0.2545522984211719,0.2545522984211719,-6.614993568825701e-10,0.9999999994723312,-6.628197161941233e-19,6
original,DAX,combination,qlike,5,2020,242,0.4101290416967135,0.4101290416967135,-1.771902493757646e-09,0.9999999985876922,-3.6701587590914275e-18,4
original,DAX,combination,qlike,10,full,975,0.27771955470118,0.27771955470118,0.0,1.0,0.0,9
original,DAX,combination,qlike,10,2020,232,0.5542303584101115,0.5542303584101115,-6.189637322246056e-09,0.999999995066726,-1.3399243400648443e-17,9
original,DAX,information,return_log_score,1,full,1029,-3.1292883211193825,-3.113131762194147,-4.804150740882404,1.7850607195078676e-06,-0.0161565589252343,6
original,DAX,information,return_log_score,1,2020,250,-2.674278954880955,-2.655676177477954,-2.2128830038494476,0.0278131778023739,-0.0186027774030018,4
original,DAX,combination,return_log_score,1,full,1029,-3.129114869508112,-3.1292883211193825,0.9778514019598774,0.3283778795998401,0.0001734516112693,6
original,DAX,combination,return_log_score,1,2020,250,-2.674729487994683,-2.674278954880955,-1.197798329981556,0.2321344705479832,-0.0004505331137283,4
original,DAX,information,return_crps,1,full,1029,0.0063741500482144,0.0064146663140629,-5.567390705366457,3.299444420962941e-08,-4.051626584844948e-05,6
original,DAX,information,return_crps,1,2020,250,0.010052199029017,0.0101246680384198,-3.441658095516581,0.0006779375286333,-7.246900940283256e-05,4
original,DAX,information,return_crps,5,full,1005,0.0145587344335299,0.0145995996849944,-2.8785820335173677,0.0040794193261688,-4.0865251464507775e-05,6
original,DAX,information,return_crps,5,2020,242,0.0257669917056928,0.0258072518725577,-0.8388538404089629,0.4023825999257933,-4.026016686485171e-05,4
original,DAX,information,return_crps,10,full,975,0.0212328711169681,0.0212520247522955,-0.970017110459933,0.3322787769173198,-1.9153635327339523e-05,9
original,DAX,information,return_crps,10,2020,232,0.0392475692488748,0.0392039468994286,0.6649969154119661,0.5067158242989416,4.362234944618815e-05,9
reconstructed,SP500,information,qlike,1,full,1012,0.3270885954364745,0.3775302462985334,-4.2211466309260315,2.6493455959574075e-05,-0.0504416508620588,6
reconstructed,SP500,information,qlike,1,2020,243,0.4247331937207183,0.4129909288003516,0.3444513466341335,0.7308060193381889,0.0117422649203666,4
reconstructed,SP500,information,qlike,5,full,965,0.3332891423808664,0.364715433718869,-2.9066476119783866,0.0037368966141894,-0.0314262913380025,6
reconstructed,SP500,information,qlike,5,2020,224,0.4802072285262926,0.4502042047317885,1.094112405755285,0.2750860776073993,0.0300030237945041,4
reconstructed,SP500,information,qlike,10,full,910,0.4080412381611764,0.4199914951775528,-0.7535589519891109,0.451309235031914,-0.0119502570163764,9
reconstructed,SP500,information,qlike,10,2020,199,0.7595998766101123,0.6818005063277447,1.350940699082271,0.1782561857056178,0.0777993702823675,9
reconstructed,SP500,neural_form,qlike,1,full,921,0.3363204260878441,0.3038058134569124,4.346839114135457,1.5350903332347367e-05,0.0325146126309318,6
reconstructed,SP500,neural_form,qlike,1,2020,243,0.4247331937207183,0.3840793232232798,1.8054018509772665,0.0722545656934202,0.0406538704974384,4
reconstructed,SP500,combination,qlike,1,full,1012,0.3275438012966027,0.3270885954364745,1.3817851000701311,0.1673429419977618,0.0004552058601281,6
reconstructed,SP500,combination,qlike,1,2020,243,0.425815284861927,0.4247331937207183,0.9816279526069612,0.3272635141914967,0.0010820911412087,4
reconstructed,SP500,combination,qlike,5,full,965,0.3339032807761535,0.3332891423808664,1.259859849862797,0.2080248382375776,0.0006141383952871,6
reconstructed,SP500,combination,qlike,5,2020,224,0.4806436239443349,0.4802072285262926,0.3154870284473798,0.7526869426143168,0.0004363954180422,4
reconstructed,SP500,combination,qlike,10,full,910,0.4169940401109087,0.4080412381611764,3.043991201786801,0.002401831917547,0.0089528019497323,9
reconstructed,SP500,combination,qlike,10,2020,199,0.7671411618714237,0.7595998766101123,1.3056262847766105,0.1931946637636808,0.0075412852613113,9
reconstructed,SP500,information,return_log_score,1,full,1012,-3.270505454414863,-3.2445098973159334,-4.198864476376889,2.918970225517789e-05,-0.0259955570989291,6
reconstructed,SP500,information,return_log_score,1,2020,243,-2.8063352226621596,-2.8040777882054173,-0.1245316737220294,0.9009977025898758,-0.0022574344567419,4
reconstructed,SP500,combination,return_log_score,1,full,1012,-3.2706168215475055,-3.270505454414863,-0.678756318123054,0.4974476162100525,-0.0001113671326426,6
reconstructed,SP500,combination,return_log_score,1,2020,243,-2.806556817805152,-2.8063352226621596,-0.4213555788320332,0.6738694549291335,-0.000221595142992,4
reconstructed,SP500,information,return_crps,1,full,1012,0.0060133705270856,0.0060405638651367,-1.3843616474968985,0.1665532209594513,-2.7193338051082507e-05,6
reconstructed,SP500,information,return_crps,1,2020,243,0.0099448273060068,0.0099070887536305,0.52978238197058,0.596748519686678,3.7738552376369326e-05,4
reconstructed,SP500,information,return_crps,5,full,965,0.0129940147458719,0.0130190528951373,-1.1831093544631957,0.2370575005983704,-2.5038149265432615e-05,6
reconstructed,SP500,information,return_crps,5,2020,224,0.0209872385294128,0.0209277430244854,0.8271984733554648,0.4090088510262442,5.949550492744439e-05,4
reconstructed,SP500,information,return_crps,10,full,910,0.0190332654813822,0.0190507080121133,-0.5219730230561114,0.6018162789056537,-1.7442530731174652e-05,9
reconstructed,SP500,information,return_crps,10,2020,199,0.033556368853434,0.0334091295523407,1.1735660974008753,0.241978614079992,0.0001472393010932,9
reconstructed,FTSE100,information,qlike,1,full,1036,0.3036210177446148,0.3154869398658642,-1.4923390329785988,0.1359150278093719,-0.0118659221212493,6
reconstructed,FTSE100,information,qlike,1,2020,250,0.380008489564778,0.3806545666117244,-0.0420764636835145,0.9664714625562428,-0.0006460770469463,4
reconstructed,FTSE100,information,qlike,5,full,1024,0.2223687204758635,0.2331098279203689,-3.0404690093211997,0.0024222160206168,-0.0107411074445053,6
reconstructed,FTSE100,information,qlike,5,2020,242,0.3381827302096578,0.3431531820305742,-0.543278160485516,0.5874404368121032,-0.0049704518209165,4
reconstructed,FTSE100,information,qlike,10,full,1009,0.2331353776362446,0.2417021229711143,-2.5322222185716536,0.0114850876748807,-0.0085667453348696,9
reconstructed,FTSE100,information,qlike,10,2020,232,0.4341115816383638,0.4348340900669447,-0.0611808103488695,0.9512681122816208,-0.0007225084285809,9
reconstructed,FTSE100,neural_form,qlike,1,full,994,0.3049839996876003,0.2971672127745534,0.9696127764753568,0.3324756476621713,0.0078167869130469,6
reconstructed,FTSE100,neural_form,qlike,1,2020,228,0.3951603422938978,0.3554634470606985,1.4852602768101273,0.1388622752251359,0.0396968952331993,4
reconstructed,FTSE100,combination,qlike,1,full,1036,0.3038131414962807,0.3036210177446148,0.2450742619754462,0.8064475128435649,0.0001921237516659,6
reconstructed,FTSE100,combination,qlike,1,2020,250,0.3821587006761079,0.380008489564778,1.203974874568771,0.229742559630118,0.0021502111113299,4
reconstructed,FTSE100,combination,qlike,5,full,1024,0.2223687204758635,0.2223687204758635,-8.738511452035429e-09,0.9999999930293804,-8.673617379884035e-18,6
reconstructed,FTSE100,combination,qlike,5,2020,242,0.3381827302096576,0.3381827302096578,-1.8604976184455284e-08,0.9999999851707676,-3.853666697045998e-17,4
reconstructed,FTSE100,combination,qlike,10,full,1009,0.2332183104575006,0.2331353776362446,1.549208856313385,0.1216454112190746,8.293282125598123e-05,9
reconstructed,FTSE100,combination,qlike,10,2020,232,0.4344722679170159,0.4341115816383638,1.5659624505429075,0.1187262506854314,0.000360686278652,9
reconstructed,FTSE100,information,return_log_score,1,full,1036,-3.2663578834518794,-3.2581989526990247,-2.1592290758412687,0.0310616002941527,-0.0081589307528544,6
reconstructed,FTSE100,information,return_log_score,1,2020,250,-2.7503864767375363,-2.7484551522335456,-0.2585519570012752,0.7961945477892094,-0.0019313245039908,4
reconstructed,FTSE100,combination,return_log_score,1,full,1036,-3.2643477305736757,-3.2663578834518794,2.283903981973157,0.0225790273574265,0.0020101528782039,6
reconstructed,FTSE100,combination,return_log_score,1,2020,250,-2.750267147108846,-2.7503864767375363,0.4404625702895022,0.6599842458198191,0.00011932962869,4
reconstructed,FTSE100,information,return_crps,1,full,1036,0.0055650394463159,0.0055799866569709,-2.44902495115721,0.0144893218679357,-1.4947210654985317e-05,6
reconstructed,FTSE100,information,return_crps,1,2020,250,0.0092493000145812,0.0092625738690677,-0.742187418521512,0.4586733127239972,-1.3273854486474772e-05,4
reconstructed,FTSE100,information,return_crps,5,full,1024,0.0120586597646564,0.0120761620116235,-1.8789984292441777,0.0605288369602796,-1.7502246967109228e-05,6
reconstructed,FTSE100,information,return_crps,5,2020,242,0.0212761306980437,0.0212803035139843,-0.1537948790421348,0.8779001754917353,-4.172815940640003e-06,4
reconstructed,FTSE100,information,return_crps,10,full,1009,0.0172312234244886,0.0172377076187489,-0.4919317352036818,0.6228747127187765,-6.484194260338038e-06,9
reconstructed,FTSE100,information,return_crps,10,2020,232,0.0326670832629299,0.0326523374780813,0.3702719492830093,0.71151914818206,1.4745784848657133e-05,9
reconstructed,DAX,information,qlike,1,full,1029,0.3580178858037914,0.3865133793740394,-4.863400469711808,1.3341673277070392e-06,-0.028495493570248,6
reconstructed,DAX,information,qlike,1,2020,250,0.4552606699990201,0.4832767338307394,-1.8708074822558216,0.0625446945624677,-0.0280160638317192,4
reconstructed,DAX,information,qlike,5,full,1005,0.254470447217005,0.2867537158422831,-3.2747097576816073,0.0010938554962685,-0.0322832686252781,6
reconstructed,DAX,information,qlike,5,2020,242,0.4101290416967135,0.441356724251133,-1.7662090535485442,0.0786267818214717,-0.0312276825544194,4
reconstructed,DAX,information,qlike,10,full,975,0.277646131100182,0.3015183288765468,-2.84202970158243,0.0045763098499106,-0.0238721977763648,9
reconstructed,DAX,information,qlike,10,2020,232,0.5542303584101115,0.5699495886086613,-0.7566369423885742,0.4500383952599905,-0.0157192301985498,9
reconstructed,DAX,neural_form,qlike,1,full,1012,0.3250697351454336,0.3175597719297425,1.270870600903654,0.204067027429377,0.0075099632156911,6
reconstructed,DAX,neural_form,qlike,1,2020,249,0.4565549570136595,0.4341199122936687,1.055763755967278,0.2921035561464908,0.0224350447199908,4
reconstructed,DAX,combination,qlike,1,full,1029,0.3580178858037914,0.3580178858037914,2.1878694697662995e-10,0.9999999998254756,2.1578678807097308e-19,6
reconstructed,DAX,combination,qlike,1,2020,250,0.4552606699990201,0.4552606699990201,4.432001414711326e-09,0.9999999964673232,8.881784197001254e-18,4
reconstructed,DAX,combination,qlike,5,full,1005,0.254470447217005,0.254470447217005,-4.409995712550466e-10,0.9999999996482208,-4.418798107960822e-19,6
reconstructed,DAX,combination,qlike,5,2020,242,0.4101290416967135,0.4101290416967135,-1.771902493757646e-09,0.9999999985876922,-3.6701587590914275e-18,4
reconstructed,DAX,combination,qlike,10,full,975,0.277646131100182,0.277646131100182,-2.22682209493229e-10,0.999999999822371,-2.2773805633336544e-19,9
reconstructed,DAX,combination,qlike,10,2020,232,0.5542303584101115,0.5542303584101115,-6.189637322246056e-09,0.999999995066726,-1.3399243400648443e-17,9
reconstructed,DAX,information,return_log_score,1,full,1029,-3.1292151943096265,-3.1130603230711085,-4.803649997449783,1.7894343554842472e-06,-0.016154871238518,6
reconstructed,DAX,information,return_log_score,1,2020,250,-2.674278954880955,-2.655676177477954,-2.2128830038494476,0.0278131778023739,-0.0186027774030018,4
reconstructed,DAX,combination,return_log_score,1,full,1029,-3.129041816572797,-3.1292151943096265,0.9774193740616032,0.3285915271102561,0.0001733777368291,6
reconstructed,DAX,combination,return_log_score,1,2020,250,-2.674729487994683,-2.674278954880955,-1.197798329981556,0.2321344705479832,-0.0004505331137283,4
reconstructed,DAX,information,return_crps,1,full,1029,0.0063745653910558,0.0064150753633188,-5.566365288566014,3.3183375475437036e-08,-4.050997226299798e-05,6
reconstructed,DAX,information,return_crps,1,2020,250,0.010052199029017,0.0101246680384198,-3.441658095516581,0.0006779375286333,-7.246900940283256e-05,4
reconstructed,DAX,information,return_crps,5,full,1005,0.0145587716964924,0.0145996173380333,-2.877164672597511,0.0040976355720932,-4.0845641540927254e-05,6
reconstructed,DAX,information,return_crps,5,2020,242,0.0257669917056928,0.0258072518725577,-0.8388538404089629,0.4023825999257933,-4.026016686485171e-05,4
reconstructed,DAX,information,return_crps,10,full,975,0.0212330429291267,0.0212521906065899,-0.9697107031502802,0.3324314491856494,-1.914767746325806e-05,9
reconstructed,DAX,information,return_crps,10,2020,232,0.0392475692488748,0.0392039468994286,0.6649969154119661,0.5067158242989416,4.362234944618815e-05,9
