horizon,n,net_differential,positive_contributions,negative_contributions,top_k,top_sum,share_net_pct,share_positive_pct,min_largest_origins_to_exceed_net,rv_win_share_pct
1,243,2.853370375649096,21.091982769856347,-18.23861239420725,1,4.221650666972086,147.95312599443838,20.01542819864933,1,55.144032921810705
1,243,2.853370375649096,21.091982769856347,-18.23861239420725,3,8.021853084325482,281.1360611571724,38.03271210608957,1,55.144032921810705
1,243,2.853370375649096,21.091982769856347,-18.23861239420725,5,9.793773132513707,343.2352566668034,46.433629495044435,1,55.144032921810705
1,243,2.853370375649096,21.091982769856347,-18.23861239420725,10,12.442168437167878,436.0516441661551,58.99003698670582,1,55.144032921810705
5,224,6.720677329968922,15.627296392287827,-8.906619062318905,1,1.4239618168646668,21.18777240673228,9.112016443019545,7,53.57142857142857
5,224,6.720677329968922,15.627296392287827,-8.906619062318905,3,3.7866281948324696,56.3429548677645,24.23085925919467,7,53.57142857142857
5,224,6.720677329968922,15.627296392287827,-8.906619062318905,5,5.639704618704508,83.91571774404154,36.08880562019505,7,53.57142857142857
5,224,6.720677329968922,15.627296392287827,-8.906619062318905,10,8.99982962569728,133.91253863007435,57.59044558813613,7,53.57142857142857
10,199,15.482074686191147,22.658903420579705,-7.176828734388557,1,2.3047434618564413,14.886528508431109,10.171469550301286,13,55.778894472361806
10,199,15.482074686191147,22.658903420579705,-7.176828734388557,3,5.491495697681324,35.470024586429155,24.235487462706306,13,55.778894472361806
10,199,15.482074686191147,22.658903420579705,-7.176828734388557,5,8.100731821186418,52.32329636293297,35.750767240699815,13,55.778894472361806
10,199,15.482074686191147,22.658903420579705,-7.176828734388557,10,13.55340644184274,87.54257240427451,59.81492656671551,13,55.778894472361806
