period,market,channel,metric,horizon,model_a,model_b,n,mean_a,mean_b,statistic,p_value,mean_loss_difference,hac_lag,relative_loss_reduction_pct,origin_start,origin_end,targets_crossing_period_end,interpretation,p_value_role
2018-2019,SP500,information,qlike,1,RV-NN-SV,NN-SV,495,0.2830878013178411,0.3381728682931139,-4.700305005783022,3.373766953699899e-06,-0.05508506697527277,5,16.289026157925647,2018-01-02,2019-12-31,1,negative favours first model,descriptive_unadjusted
2020,SP500,information,qlike,1,RV-NN-SV,NN-SV,243,0.4247331937207183,0.41299092880035165,0.34445134663413357,0.7308060193381889,0.011742264920366636,4,-2.843225868053656,2020-01-02,2020-12-31,1,negative favours first model,descriptive_unadjusted
2021-2022Feb,SP500,information,qlike,1,RV-NN-SV,NN-SV,274,0.3199818644352055,0.41718337135233197,-5.57401957440413,5.973502194990705e-08,-0.09720150691712648,5,23.299468193576445,2021-01-04,2022-02-10,0,negative favours first model,descriptive_unadjusted
2018-2019,SP500,information,qlike,5,RV-NN-SV,NN-SV,479,0.2920301421008584,0.3286157360203187,-2.9176880178437727,0.0036924725725718116,-0.03658559391946026,5,11.133244671277131,2018-01-02,2019-12-31,5,negative favours first model,descriptive_unadjusted
2020,SP500,information,qlike,5,RV-NN-SV,NN-SV,224,0.4802072285262926,0.4502042047317885,1.0941124057552847,0.2750860776073993,0.030003023794504112,4,-6.664314433131202,2020-01-02,2020-12-31,5,negative favours first model,descriptive_unadjusted
2021-2022Feb,SP500,information,qlike,5,RV-NN-SV,NN-SV,262,0.283111317333341,0.3576248630727301,-4.658964112321831,5.069522545268335e-06,-0.07451354573938909,4,20.83567263728957,2021-01-12,2022-02-10,0,negative favours first model,descriptive_unadjusted
2018-2019,SP500,information,qlike,10,RV-NN-SV,NN-SV,459,0.33900394604257567,0.358912602055206,-1.2798822645331416,0.20123445717006827,-0.01990865601263024,9,5.546937025512433,2018-01-02,2019-12-31,10,negative favours first model,descriptive_unadjusted
2020,SP500,information,qlike,10,RV-NN-SV,NN-SV,199,0.7595998766101123,0.6818005063277447,1.350940699082271,0.17825618570561783,0.07779937028236755,9,-11.410870124078354,2020-01-02,2020-12-23,5,negative favours first model,descriptive_unadjusted
2021-2022Feb,SP500,information,qlike,10,RV-NN-SV,NN-SV,252,0.2561680160623648,0.3244963313849697,-4.949767232793691,1.363964422472129e-06,-0.06832831532260494,9,21.05672968041752,2021-01-12,2022-02-10,0,negative favours first model,descriptive_unadjusted
2018-2019,SP500,functional_form,qlike,1,RV-NN-SV,RV-LIN-SV,404,0.29422256311268224,0.2703014295322345,3.0120445249307526,0.0027584981437370855,0.023921133580447725,5,-8.84979913788988,2018-01-02,2019-12-31,1,negative favours first model,descriptive_unadjusted
2020,SP500,functional_form,qlike,1,RV-NN-SV,RV-LIN-SV,243,0.4247331937207183,0.3840793232232798,1.8054018509772662,0.07225456569342024,0.04065387049743846,4,-10.584758938924942,2020-01-02,2020-12-31,1,negative favours first model,descriptive_unadjusted
2021-2022Feb,SP500,functional_form,qlike,1,RV-NN-SV,RV-LIN-SV,274,0.3199818644352055,0.28201496758954936,3.9875733850954127,8.576513724180138e-05,0.03796689684565606,5,-13.46272404268769,2021-01-04,2022-02-10,0,negative favours first model,descriptive_unadjusted
2018-2019,SP500,combination,qlike,1,NN-ENSEMBLE-QLIKE,RV-NN-SV,495,0.2830878013178411,0.2830878013178411,0.0,1.0,0.0,5,0.0,2018-01-02,2019-12-31,1,negative favours first model,descriptive_unadjusted
2020,SP500,combination,qlike,1,NN-ENSEMBLE-QLIKE,RV-NN-SV,243,0.42581528486192705,0.4247331937207183,0.9816279526069611,0.3272635141914967,0.0010820911412087648,4,-0.25476961942376697,2020-01-02,2020-12-31,1,negative favours first model,descriptive_unadjusted
2021-2022Feb,SP500,combination,qlike,1,NN-ENSEMBLE-QLIKE,RV-NN-SV,274,0.320703470943001,0.3199818644352055,0.9901193981051967,0.3229925036208602,0.0007216065077955185,5,-0.22551481443149335,2021-01-04,2022-02-10,0,negative favours first model,descriptive_unadjusted
2018-2019,SP500,combination,qlike,5,NN-ENSEMBLE-QLIKE,RV-NN-SV,479,0.2920301421008584,0.2920301421008584,-1.906883590057107e-09,0.9999999984793226,-2.781352044989954e-18,5,0.0,2018-01-02,2019-12-31,5,negative favours first model,descriptive_unadjusted
2020,SP500,combination,qlike,5,NN-ENSEMBLE-QLIKE,RV-NN-SV,224,0.48064362394433496,0.4802072285262926,0.3154870284473798,0.7526869426143168,0.0004363954180422904,4,-0.09087647834489232,2020-01-02,2020-12-31,5,negative favours first model,descriptive_unadjusted
2021-2022Feb,SP500,combination,qlike,5,NN-ENSEMBLE-QLIKE,RV-NN-SV,262,0.2850002141952135,0.283111317333341,1.5582873799313717,0.12037684445285085,0.001888896861872556,4,-0.6671922831147148,2021-01-12,2022-02-10,0,negative favours first model,descriptive_unadjusted
2018-2019,SP500,combination,qlike,10,NN-ENSEMBLE-QLIKE,RV-NN-SV,459,0.3422730710338974,0.33900394604257567,1.2421136028314181,0.21483029866221381,0.003269124991321764,9,-0.9643324301927603,2018-01-02,2019-12-31,10,negative favours first model,descriptive_unadjusted
2020,SP500,combination,qlike,10,NN-ENSEMBLE-QLIKE,RV-NN-SV,199,0.7671411618714237,0.7595998766101123,1.3056262847766105,0.1931946637636808,0.007541285261311305,9,-0.9927970624437288,2020-01-02,2020-12-23,5,negative favours first model,descriptive_unadjusted
2021-2022Feb,SP500,combination,qlike,10,NN-ENSEMBLE-QLIKE,RV-NN-SV,252,0.27658787969823295,0.2561680160623648,2.505891105537224,0.012848078053844249,0.02041986363586821,9,-7.971277581701264,2021-01-12,2022-02-10,0,negative favours first model,descriptive_unadjusted
2018-2019,SP500,information,return_log_score,1,RV-NN-SV,NN-SV,495,-3.420570832585654,-3.396248388591598,-4.191631674718217,3.2819267961635145e-05,-0.024322443994056406,5,,2018-01-02,2019-12-31,1,negative favours first model,descriptive_unadjusted
2020,SP500,information,return_log_score,1,RV-NN-SV,NN-SV,243,-2.8063352226621596,-2.8040777882054173,-0.12453167372202945,0.9009977025898758,-0.002257434456741997,4,,2020-01-02,2020-12-31,1,negative favours first model,descriptive_unadjusted
2021-2022Feb,SP500,information,return_log_score,1,RV-NN-SV,NN-SV,274,-3.4110565643468527,-3.360985989769955,-5.537903852042406,7.192819954428488e-08,-0.050070574576898,5,,2021-01-04,2022-02-10,0,negative favours first model,descriptive_unadjusted
2018-2019,SP500,combination,return_log_score,1,NN-ENSEMBLE-LOG_SCORE,RV-NN-SV,495,-3.4207059728104556,-3.420570832585654,-0.8529582496645816,0.3940958194130664,-0.00013514022480157076,5,,2018-01-02,2019-12-31,1,negative favours first model,descriptive_unadjusted
2020,SP500,combination,return_log_score,1,NN-ENSEMBLE-LOG_SCORE,RV-NN-SV,243,-2.806556817805152,-2.8063352226621596,-0.42135557883203323,0.6738694549291335,-0.00022159514299208995,4,,2020-01-02,2020-12-31,1,negative favours first model,descriptive_unadjusted
2021-2022Feb,SP500,combination,return_log_score,1,NN-ENSEMBLE-LOG_SCORE,RV-NN-SV,274,-3.411027226781928,-3.4110565643468527,0.1384674556933038,0.8899730699701034,2.9337564925084733e-05,5,,2021-01-04,2022-02-10,0,negative favours first model,descriptive_unadjusted
2018-2019,FTSE100,information,qlike,1,RV-NN-SV,NN-SV,506,0.23400734593894895,0.25699349910920843,-2.013944244304764,0.0445452120887496,-0.02298615317025947,5,8.944254718478927,2018-01-02,2019-12-31,1,negative favours first model,descriptive_unadjusted
2020,FTSE100,information,qlike,1,RV-NN-SV,NN-SV,250,0.4134788314029306,0.40765342408280525,0.3404313623744431,0.7338187336949387,0.005825407320125412,4,-1.429009785268498,2020-01-02,2020-12-31,1,negative favours first model,descriptive_unadjusted
2021-2022Feb,FTSE100,information,qlike,1,RV-NN-SV,NN-SV,280,0.37737870286948266,0.37867690194204584,-0.08472533414628848,0.9325405178041818,-0.0012981990725631743,5,0.3428249956375362,2021-01-04,2022-02-11,0,negative favours first model,descriptive_unadjusted
2018-2019,FTSE100,information,qlike,5,RV-NN-SV,NN-SV,506,0.17422151630321842,0.18356999245910113,-2.6456531464781587,0.008407520782455543,-0.009348476155882699,5,5.092594944658801,2018-01-02,2019-12-31,5,negative favours first model,descriptive_unadjusted
2020,FTSE100,information,qlike,5,RV-NN-SV,NN-SV,242,0.3558684172553875,0.3591079010635903,-0.34812012034274586,0.728053856973493,-0.003239483808202897,4,0.9020920449280712,2020-01-02,2020-12-31,5,negative favours first model,descriptive_unadjusted
2021-2022Feb,FTSE100,information,qlike,5,RV-NN-SV,NN-SV,276,0.2078926769224674,0.22564792857628904,-2.40344728249372,0.016903568522578894,-0.017755251653821646,5,7.868563990747557,2021-01-04,2022-02-11,0,negative favours first model,descriptive_unadjusted
2018-2019,FTSE100,information,qlike,10,RV-NN-SV,NN-SV,506,0.1770624014464758,0.18841155576070667,-3.2198750425665406,0.0013650184084078565,-0.011349154314230862,9,6.023597792825896,2018-01-02,2019-12-31,10,negative favours first model,descriptive_unadjusted
2020,FTSE100,information,qlike,10,RV-NN-SV,NN-SV,232,0.44133811941993056,0.44094636654050656,0.033066127392949826,0.9736504074169776,0.00039175287942402306,9,-0.0888436574492113,2020-01-02,2020-12-31,10,negative favours first model,descriptive_unadjusted
2021-2022Feb,FTSE100,information,qlike,10,RV-NN-SV,NN-SV,271,0.16357410747686693,0.17323900377403945,-2.3081262267678735,0.021748116187938524,-0.00966489629717253,9,5.578937818055518,2021-01-04,2022-02-11,0,negative favours first model,descriptive_unadjusted
2018-2019,FTSE100,functional_form,qlike,1,RV-NN-SV,RV-LIN-SV,506,0.23400734593894895,0.23085326244061938,1.33962922623271,0.1809684486083616,0.00315408349832958,5,-1.366272005422009,2018-01-02,2019-12-31,1,negative favours first model,descriptive_unadjusted
2020,FTSE100,functional_form,qlike,1,RV-NN-SV,RV-LIN-SV,228,0.4318602785199423,0.3932192452020329,1.4422509323532398,0.1506098840139337,0.03864103331790947,4,-9.826841841898148,2020-01-02,2020-12-31,1,negative favours first model,descriptive_unadjusted
2021-2022Feb,FTSE100,functional_form,qlike,1,RV-NN-SV,RV-LIN-SV,260,0.38143970176036435,0.3936382334912551,-0.8425735382934776,0.4002443849464835,-0.012198531730890798,4,3.098919437448844,2021-02-01,2022-02-11,0,negative favours first model,descriptive_unadjusted
2018-2019,FTSE100,combination,qlike,1,NN-ENSEMBLE-QLIKE,RV-NN-SV,506,0.2340090439459546,0.23400734593894895,0.7978830771524338,0.42531336495810246,1.6980070056173415e-06,5,-0.0007256212401385298,2018-01-02,2019-12-31,1,negative favours first model,descriptive_unadjusted
2020,FTSE100,combination,qlike,1,NN-ENSEMBLE-QLIKE,RV-NN-SV,250,0.41466300239157294,0.4134788314029306,0.541732432947812,0.5884872552982552,0.0011841709886423093,4,-0.2863921677983994,2020-01-02,2020-12-31,1,negative favours first model,descriptive_unadjusted
2021-2022Feb,FTSE100,combination,qlike,1,NN-ENSEMBLE-QLIKE,RV-NN-SV,280,0.3759443665857794,0.37737870286948266,-0.5710070954960412,0.5684544730698242,-0.001434336283703209,5,0.38007875717335216,2021-01-04,2022-02-11,0,negative favours first model,descriptive_unadjusted
2018-2019,FTSE100,combination,qlike,5,NN-ENSEMBLE-QLIKE,RV-NN-SV,506,0.17422151630321842,0.17422151630321842,0.0,1.0,0.0,5,0.0,2018-01-02,2019-12-31,5,negative favours first model,descriptive_unadjusted
2020,FTSE100,combination,qlike,5,NN-ENSEMBLE-QLIKE,RV-NN-SV,242,0.3558684172553874,0.3558684172553875,-2.0376878678212933e-08,0.9999999837584599,-4.2206825729551407e-17,4,1.1102230246251565e-14,2020-01-02,2020-12-31,5,negative favours first model,descriptive_unadjusted
2021-2022Feb,FTSE100,combination,qlike,5,NN-ENSEMBLE-QLIKE,RV-NN-SV,276,0.20789267692246743,0.2078926769224674,8.315257363259239e-10,0.9999999993371413,1.6090188762683428e-18,5,-2.220446049250313e-14,2021-01-04,2022-02-11,0,negative favours first model,descriptive_unadjusted
2018-2019,FTSE100,combination,qlike,10,NN-ENSEMBLE-QLIKE,RV-NN-SV,506,0.1770624014464758,0.1770624014464758,0.0,1.0,0.0,9,0.0,2018-01-02,2019-12-31,10,negative favours first model,descriptive_unadjusted
2020,FTSE100,combination,qlike,10,NN-ENSEMBLE-QLIKE,RV-NN-SV,232,0.44169880569858266,0.44133811941993056,1.5659624505429077,0.1187262506854314,0.00036068627865208696,9,-0.08172561190185057,2020-01-02,2020-12-31,10,negative favours first model,descriptive_unadjusted
2021-2022Feb,FTSE100,combination,qlike,10,NN-ENSEMBLE-QLIKE,RV-NN-SV,271,0.16357410747686693,0.16357410747686693,4.1158277264874407e-10,0.9999999996719084,8.193527857012225e-19,9,0.0,2021-01-04,2022-02-11,0,negative favours first model,descriptive_unadjusted
2018-2019,FTSE100,information,return_log_score,1,RV-NN-SV,NN-SV,506,-3.446637389845202,-3.4360245206524738,-1.9998731227050395,0.04604907652294894,-0.010612869192728148,5,,2018-01-02,2019-12-31,1,negative favours first model,descriptive_unadjusted
2020,FTSE100,information,return_log_score,1,RV-NN-SV,NN-SV,250,-2.7460795317691895,-2.744113960376496,-0.2643769810361317,0.7917081413293658,-0.00196557139269369,4,,2020-01-02,2020-12-31,1,negative favours first model,descriptive_unadjusted
2021-2022Feb,FTSE100,information,return_log_score,1,RV-NN-SV,NN-SV,280,-3.406700072611745,-3.3980480495666727,-1.1081699448886848,0.26874282220203877,-0.008652023045071797,5,,2021-01-04,2022-02-11,0,negative favours first model,descriptive_unadjusted
2018-2019,FTSE100,combination,return_log_score,1,NN-ENSEMBLE-LOG_SCORE,RV-NN-SV,506,-3.4432876214848775,-3.446637389845202,1.9604530304834218,0.05049220476752132,0.0033497683603243363,5,,2018-01-02,2019-12-31,1,negative favours first model,descriptive_unadjusted
2020,FTSE100,combination,return_log_score,1,NN-ENSEMBLE-LOG_SCORE,RV-NN-SV,250,-2.7459703010810355,-2.7460795317691895,0.4027433385510652,0.6874826046111069,0.00010923068815431237,4,,2020-01-02,2020-12-31,1,negative favours first model,descriptive_unadjusted
2021-2022Feb,FTSE100,combination,return_log_score,1,NN-ENSEMBLE-LOG_SCORE,RV-NN-SV,280,-3.405479450019761,-3.406700072611745,1.2863239141026346,0.19939643921888722,0.0012206225919838521,5,,2021-01-04,2022-02-11,0,negative favours first model,descriptive_unadjusted
2018-2019,DAX,information,qlike,1,RV-NN-SV,NN-SV,500,0.2660990796914034,0.28545117955400634,-2.9532554177639248,0.0032927206550965767,-0.019352099862602844,5,6.779477980381444,2018-01-02,2019-12-30,1,negative favours first model,descriptive_unadjusted
2020,DAX,information,qlike,1,RV-NN-SV,NN-SV,250,0.45526066999902015,0.48327673383073944,-1.8708074822558214,0.06254469456246774,-0.028016063831719243,4,5.797105854785778,2020-01-02,2020-12-30,1,negative favours first model,descriptive_unadjusted
2021-2022Feb,DAX,information,qlike,1,RV-NN-SV,NN-SV,279,0.43587203868459357,0.4811915183099456,-4.112998236869776,5.1484319021245385e-05,-0.045319479625352106,5,9.418179228205103,2021-01-04,2022-02-11,0,negative favours first model,descriptive_unadjusted
2018-2019,DAX,information,qlike,5,RV-NN-SV,NN-SV,496,0.16057228606525703,0.17637235311695695,-4.840697952139528,1.7319071563177867e-06,-0.015800067051699885,5,8.958358139737754,2018-01-02,2019-12-30,5,negative favours first model,descriptive_unadjusted
2020,DAX,information,qlike,5,RV-NN-SV,NN-SV,242,0.41012904169671355,0.441356724251133,-1.7662090535485442,0.07862678182147174,-0.03122768255441948,4,7.075383887580877,2020-01-02,2020-12-30,5,negative favours first model,descriptive_unadjusted
2021-2022Feb,DAX,information,qlike,5,RV-NN-SV,NN-SV,267,0.28812725818092,0.35198937655302415,-2.1128700495839614,0.035543559166690886,-0.06386211837210413,4,18.14319483090532,2021-01-04,2022-02-11,0,negative favours first model,descriptive_unadjusted
2018-2019,DAX,information,qlike,10,RV-NN-SV,NN-SV,491,0.15023734624502016,0.16279709623436922,-4.038345338198333,6.246520735400317e-05,-0.012559749989349073,9,7.714971753100275,2018-01-02,2019-12-30,10,negative favours first model,descriptive_unadjusted
2020,DAX,information,qlike,10,RV-NN-SV,NN-SV,232,0.5542303584101115,0.5699495886086613,-0.7566369423885742,0.45003839525999056,-0.01571923019854983,9,2.7580036046561562,2020-01-02,2020-12-30,10,negative favours first model,descriptive_unadjusted
2021-2022Feb,DAX,information,qlike,10,RV-NN-SV,NN-SV,252,0.2715420066515861,0.32496462609752425,-2.0722575443713986,0.039262598623182855,-0.05342261944593813,9,16.439518383119523,2021-01-04,2022-02-11,0,negative favours first model,descriptive_unadjusted
2018-2019,DAX,functional_form,qlike,1,RV-NN-SV,RV-LIN-SV,489,0.26769319117741286,0.26675878507028344,0.4076573227037984,0.6837040493822009,0.0009344061071294394,5,-0.35028128759966304,2018-01-02,2019-12-30,1,negative favours first model,descriptive_unadjusted
2020,DAX,functional_form,qlike,1,RV-NN-SV,RV-LIN-SV,249,0.45655495701365956,0.43411991229366875,1.055763755967278,0.2921035561464908,0.0224350447199908,4,-5.167937264488853,2020-01-02,2020-12-30,1,negative favours first model,descriptive_unadjusted
2021-2022Feb,DAX,functional_form,qlike,1,RV-NN-SV,RV-LIN-SV,274,0.30824459427510836,0.3025573524018969,1.5604023153366307,0.11982329731466693,0.005687241873211547,5,-1.8797235724276495,2021-01-04,2022-02-11,0,negative favours first model,descriptive_unadjusted
2018-2019,DAX,combination,qlike,1,NN-ENSEMBLE-QLIKE,RV-NN-SV,500,0.2660990796914034,0.2660990796914034,-1.2548172643142664e-09,0.9999999989993021,-1.7763568394002505e-18,5,0.0,2018-01-02,2019-12-30,1,negative favours first model,descriptive_unadjusted
2020,DAX,combination,qlike,1,NN-ENSEMBLE-QLIKE,RV-NN-SV,250,0.45526066999902015,0.45526066999902015,4.432001414711326e-09,0.9999999964673232,8.881784197001253e-18,4,0.0,2020-01-02,2020-12-30,1,negative favours first model,descriptive_unadjusted
2021-2022Feb,DAX,combination,qlike,1,NN-ENSEMBLE-QLIKE,RV-NN-SV,279,0.43587203868459357,0.43587203868459357,-2.098110825095427e-09,0.9999999983274546,-3.9792939950722455e-18,5,0.0,2021-01-04,2022-02-11,0,negative favours first model,descriptive_unadjusted
2018-2019,DAX,combination,qlike,5,NN-ENSEMBLE-QLIKE,RV-NN-SV,496,0.16057228606525703,0.16057228606525703,-1.8745294099638607e-09,0.9999999985050971,-2.6860234466737657e-18,5,0.0,2018-01-02,2019-12-30,5,negative favours first model,descriptive_unadjusted
2020,DAX,combination,qlike,5,NN-ENSEMBLE-QLIKE,RV-NN-SV,242,0.41012904169671355,0.41012904169671355,-1.7719024937576462e-09,0.9999999985876922,-3.670158759091427e-18,4,0.0,2020-01-02,2020-12-30,5,negative favours first model,descriptive_unadjusted
2021-2022Feb,DAX,combination,qlike,5,NN-ENSEMBLE-QLIKE,RV-NN-SV,267,0.28812725818092,0.28812725818092,2.9573307111528253e-09,0.9999999976426082,5.821394136611308e-18,4,0.0,2021-01-04,2022-02-11,0,negative favours first model,descriptive_unadjusted
2018-2019,DAX,combination,qlike,10,NN-ENSEMBLE-QLIKE,RV-NN-SV,491,0.15023734624502016,0.15023734624502016,-3.4182728827387462e-09,0.999999997274004,-4.9745227172613935e-18,9,0.0,2018-01-02,2019-12-30,10,negative favours first model,descriptive_unadjusted
2020,DAX,combination,qlike,10,NN-ENSEMBLE-QLIKE,RV-NN-SV,232,0.5542303584101115,0.5542303584101115,-6.189637322246056e-09,0.9999999950667259,-1.3399243400648442e-17,9,0.0,2020-01-02,2020-12-30,10,negative favours first model,descriptive_unadjusted
2021-2022Feb,DAX,combination,qlike,10,NN-ENSEMBLE-QLIKE,RV-NN-SV,252,0.2715420066515861,0.2715420066515861,1.0641191105293879e-08,0.9999999915180102,2.2028234615578502e-17,9,0.0,2021-01-04,2022-02-11,0,negative favours first model,descriptive_unadjusted
2018-2019,DAX,information,return_log_score,1,RV-NN-SV,NN-SV,500,-3.261615881710187,-3.2491822617979387,-2.9365422391528146,0.00347221927027052,-0.012433619912248223,5,,2018-01-02,2019-12-30,1,negative favours first model,descriptive_unadjusted
2020,DAX,information,return_log_score,1,RV-NN-SV,NN-SV,250,-2.674278954880955,-2.6556761774779534,-2.2128830038494476,0.027813177802373915,-0.018602777403001855,4,,2020-01-02,2020-12-30,1,negative favours first model,descriptive_unadjusted
2021-2022Feb,DAX,information,return_log_score,1,RV-NN-SV,NN-SV,279,-3.2998566410627665,-3.279220100463513,-3.232503946382238,0.0013749320233533643,-0.020636540599252795,5,,2021-01-04,2022-02-11,0,negative favours first model,descriptive_unadjusted
2018-2019,DAX,combination,return_log_score,1,NN-ENSEMBLE-LOG_SCORE,RV-NN-SV,500,-3.260966408925454,-3.261615881710187,2.4715529163302117,0.013785456924144226,0.00064947278473295,5,,2018-01-02,2019-12-30,1,negative favours first model,descriptive_unadjusted
2020,DAX,combination,return_log_score,1,NN-ENSEMBLE-LOG_SCORE,RV-NN-SV,250,-2.674729487994683,-2.674278954880955,-1.197798329981556,0.2321344705479832,-0.0004505331137283477,4,,2020-01-02,2020-12-30,1,negative favours first model,descriptive_unadjusted
2021-2022Feb,DAX,combination,return_log_score,1,NN-ENSEMBLE-LOG_SCORE,RV-NN-SV,279,-3.2999771478940856,-3.2998566410627665,-0.4195290105796206,0.6751535691330852,-0.00012050683131964505,5,,2021-01-04,2022-02-11,0,negative favours first model,descriptive_unadjusted
