replication_id,stream_name,seed
1,experiment_state,952002185
1,experiment_observation,794178605
2,experiment_state,1932484884
2,experiment_observation,188662726
3,experiment_state,1502933323
3,experiment_observation,627395473
4,experiment_state,1067948034
4,experiment_observation,1124313201
5,experiment_state,202503199
5,experiment_observation,1537744377
6,experiment_state,326712020
6,experiment_observation,1510188746
7,experiment_state,198309544
7,experiment_observation,2089486166
8,experiment_state,373386808
8,experiment_observation,432420225
9,experiment_state,2038702002
9,experiment_observation,1511512385
10,experiment_state,37461425
10,experiment_observation,486645669
11,experiment_state,343772360
11,experiment_observation,1378581276
12,experiment_state,36355445
12,experiment_observation,1186007945
13,experiment_state,1353655510
13,experiment_observation,900166938
14,experiment_state,2608004
14,experiment_observation,1156264811
15,experiment_state,648246163
15,experiment_observation,592447552
16,experiment_state,487207454
16,experiment_observation,1643758096
17,experiment_state,1315488432
17,experiment_observation,663234808
18,experiment_state,77709534
18,experiment_observation,146497170
19,experiment_state,5616650
19,experiment_observation,1287300801
20,experiment_state,1694944219
20,experiment_observation,451114833
21,experiment_state,1059621775
21,experiment_observation,1181978376
22,experiment_state,494834790
22,experiment_observation,1680000403
23,experiment_state,1750835919
23,experiment_observation,604285919
24,experiment_state,911028937
24,experiment_observation,953081105
25,experiment_state,1589410246
25,experiment_observation,706171245
26,experiment_state,2109766900
26,experiment_observation,1066650687
27,experiment_state,900504268
27,experiment_observation,1192995959
28,experiment_state,1769906814
28,experiment_observation,750757673
29,experiment_state,311264760
29,experiment_observation,1968522393
30,experiment_state,433810105
30,experiment_observation,1907667017
31,experiment_state,1838391988
31,experiment_observation,713840012
32,experiment_state,1097719184
32,experiment_observation,1350904651
33,experiment_state,1782764842
33,experiment_observation,485118605
34,experiment_state,983277519
34,experiment_observation,995527423
35,experiment_state,1243674648
35,experiment_observation,1507081984
36,experiment_state,1646055165
36,experiment_observation,64859634
37,experiment_state,954809722
37,experiment_observation,1426304049
38,experiment_state,2037885929
38,experiment_observation,1996480572
39,experiment_state,225827736
39,experiment_observation,1944842020
40,experiment_state,335779012
40,experiment_observation,1121681722
41,experiment_state,2072109282
41,experiment_observation,1289120339
42,experiment_state,1354270804
42,experiment_observation,780313083
43,experiment_state,1547585666
43,experiment_observation,129040000
44,experiment_state,34942250
44,experiment_observation,1918079181
45,experiment_state,776001915
45,experiment_observation,1502139087
46,experiment_state,576727233
46,experiment_observation,1326581273
47,experiment_state,1128302944
47,experiment_observation,1404921386
48,experiment_state,1043418942
48,experiment_observation,1499572835
49,experiment_state,526334874
49,experiment_observation,1454252564
50,experiment_state,879845375
50,experiment_observation,676032229
51,experiment_state,1978919468
51,experiment_observation,697717930
52,experiment_state,1464376304
52,experiment_observation,164797878
53,experiment_state,1274602170
53,experiment_observation,189124768
54,experiment_state,332584527
54,experiment_observation,1765721847
55,experiment_state,1937750335
55,experiment_observation,506318604
56,experiment_state,718710972
56,experiment_observation,488404581
57,experiment_state,1544684036
57,experiment_observation,1708973190
58,experiment_state,785282426
58,experiment_observation,189884149
59,experiment_state,216102495
59,experiment_observation,1452554864
60,experiment_state,239091779
60,experiment_observation,1266275326
61,experiment_state,1545974819
61,experiment_observation,2098529717
62,experiment_state,1259611777
62,experiment_observation,2040176670
63,experiment_state,840842527
63,experiment_observation,2040197927
64,experiment_state,216208734
64,experiment_observation,1726732613
65,experiment_state,743548417
65,experiment_observation,894380662
66,experiment_state,1093333041
66,experiment_observation,2137778320
67,experiment_state,743873906
67,experiment_observation,1122878399
68,experiment_state,459384405
68,experiment_observation,659889608
69,experiment_state,1943182157
69,experiment_observation,1879529451
70,experiment_state,1622069846
70,experiment_observation,1364428045
71,experiment_state,1639814320
71,experiment_observation,48610416
72,experiment_state,964305312
72,experiment_observation,891421847
73,experiment_state,2022929695
73,experiment_observation,791316007
74,experiment_state,2054353777
74,experiment_observation,995133487
75,experiment_state,1692051484
75,experiment_observation,1876734080
76,experiment_state,450592435
76,experiment_observation,1279468204
77,experiment_state,1145937536
77,experiment_observation,1741442086
78,experiment_state,589783957
78,experiment_observation,538855234
79,experiment_state,210376245
79,experiment_observation,419038980
80,experiment_state,617684196
80,experiment_observation,2059758621
81,experiment_state,1889195448
81,experiment_observation,1963616166
82,experiment_state,1390790976
82,experiment_observation,503670212
83,experiment_state,589367881
83,experiment_observation,1255882934
84,experiment_state,1632671549
84,experiment_observation,470806614
85,experiment_state,290831184
85,experiment_observation,624109867
86,experiment_state,1608227877
86,experiment_observation,1193628794
87,experiment_state,1249863323
87,experiment_observation,711571366
88,experiment_state,1890333399
88,experiment_observation,710227649
89,experiment_state,835037012
89,experiment_observation,790597319
90,experiment_state,1447595216
90,experiment_observation,1440432585
91,experiment_state,1596544006
91,experiment_observation,1386452362
92,experiment_state,655727830
92,experiment_observation,831865639
93,experiment_state,159223417
93,experiment_observation,1100112549
94,experiment_state,1947348358
94,experiment_observation,1554943805
95,experiment_state,1474776356
95,experiment_observation,1258953667
96,experiment_state,1060283082
96,experiment_observation,329002376
97,experiment_state,1185554006
97,experiment_observation,1536586888
98,experiment_state,850689024
98,experiment_observation,1023185988
99,experiment_state,1459768949
99,experiment_observation,732818583
100,experiment_state,1407141949
100,experiment_observation,260257225
101,experiment_state,1388887425
101,experiment_observation,109598615
102,experiment_state,1726847504
102,experiment_observation,1615684627
103,experiment_state,773690569
103,experiment_observation,958053512
104,experiment_state,1052144903
104,experiment_observation,1475452551
105,experiment_state,246230754
105,experiment_observation,2093260573
106,experiment_state,1249211508
106,experiment_observation,1360567712
107,experiment_state,2139826968
107,experiment_observation,2131631139
108,experiment_state,880161461
108,experiment_observation,1287793996
109,experiment_state,302180073
109,experiment_observation,744732720
110,experiment_state,926601395
110,experiment_observation,181779257
111,experiment_state,1633740669
111,experiment_observation,899346190
112,experiment_state,1970972688
112,experiment_observation,1627298564
113,experiment_state,1878663486
113,experiment_observation,1988254062
114,experiment_state,633843115
114,experiment_observation,1931735325
115,experiment_state,1794256745
115,experiment_observation,1151710002
116,experiment_state,663279103
116,experiment_observation,1263995582
117,experiment_state,47886790
117,experiment_observation,1328631697
118,experiment_state,1675843560
118,experiment_observation,2076921511
119,experiment_state,48821162
119,experiment_observation,1435472990
120,experiment_state,2005385486
120,experiment_observation,2067491361
121,experiment_state,1158810912
121,experiment_observation,1234396971
122,experiment_state,281539384
122,experiment_observation,1884713187
123,experiment_state,1867054098
123,experiment_observation,909431982
124,experiment_state,825309576
124,experiment_observation,216075165
125,experiment_state,126039248
125,experiment_observation,550003549
126,experiment_state,714610734
126,experiment_observation,1570028144
127,experiment_state,404660720
127,experiment_observation,528166039
128,experiment_state,1354269965
128,experiment_observation,1617947682
129,experiment_state,967168275
129,experiment_observation,535833317
130,experiment_state,960355120
130,experiment_observation,1932383728
131,experiment_state,2035425962
131,experiment_observation,1843228277
132,experiment_state,318643793
132,experiment_observation,685918621
133,experiment_state,1247946686
133,experiment_observation,285360686
134,experiment_state,501156761
134,experiment_observation,276820547
135,experiment_state,283681903
135,experiment_observation,1712353435
136,experiment_state,841979488
136,experiment_observation,2074444288
137,experiment_state,439650454
137,experiment_observation,509419521
138,experiment_state,828551529
138,experiment_observation,2036479388
139,experiment_state,1508572300
139,experiment_observation,1743746348
140,experiment_state,1856482716
140,experiment_observation,1272663050
141,experiment_state,1541034701
141,experiment_observation,2109752281
142,experiment_state,1742392272
142,experiment_observation,882976589
143,experiment_state,138036122
143,experiment_observation,257215294
144,experiment_state,214994479
144,experiment_observation,1393608806
145,experiment_state,373338442
145,experiment_observation,1791960190
146,experiment_state,847196410
146,experiment_observation,547264294
147,experiment_state,1834498325
147,experiment_observation,1196899994
148,experiment_state,1202934380
148,experiment_observation,756433349
149,experiment_state,56201092
149,experiment_observation,1259275445
150,experiment_state,163471099
150,experiment_observation,770191095
151,experiment_state,1737833022
151,experiment_observation,1816962227
152,experiment_state,1260790596
152,experiment_observation,1273345164
153,experiment_state,66566276
153,experiment_observation,2122120320
154,experiment_state,994832899
154,experiment_observation,1171882
155,experiment_state,12093724
155,experiment_observation,1745211188
156,experiment_state,1464787169
156,experiment_observation,615786095
157,experiment_state,1213332307
157,experiment_observation,1345337567
158,experiment_state,839676104
158,experiment_observation,2099305245
159,experiment_state,1132735740
159,experiment_observation,346820820
160,experiment_state,2127589913
160,experiment_observation,172402779
161,experiment_state,681365337
161,experiment_observation,872667910
162,experiment_state,141826985
162,experiment_observation,648533974
163,experiment_state,776348369
163,experiment_observation,407800411
164,experiment_state,1163970964
164,experiment_observation,345497383
165,experiment_state,293512517
165,experiment_observation,1592963248
166,experiment_state,1059554673
166,experiment_observation,152681895
167,experiment_state,48459554
167,experiment_observation,1433569295
168,experiment_state,473556761
168,experiment_observation,1304360919
169,experiment_state,941545090
169,experiment_observation,671648030
170,experiment_state,331942937
170,experiment_observation,2107608998
171,experiment_state,1883805069
171,experiment_observation,881123546
172,experiment_state,2012187924
172,experiment_observation,1769809014
173,experiment_state,1890261281
173,experiment_observation,326126996
174,experiment_state,1408451779
174,experiment_observation,971078142
175,experiment_state,916719458
175,experiment_observation,1521769059
176,experiment_state,335566723
176,experiment_observation,228301453
177,experiment_state,263250795
177,experiment_observation,1881748090
178,experiment_state,1804945160
178,experiment_observation,1978164052
179,experiment_state,1952209019
179,experiment_observation,1239085728
180,experiment_state,910104004
180,experiment_observation,1092087605
181,experiment_state,1757147792
181,experiment_observation,2101502844
182,experiment_state,1060757050
182,experiment_observation,106036079
183,experiment_state,1874632981
183,experiment_observation,1537996517
184,experiment_state,1947431848
184,experiment_observation,2087246259
185,experiment_state,435117835
185,experiment_observation,680233140
186,experiment_state,1069277638
186,experiment_observation,250181716
187,experiment_state,1646284565
187,experiment_observation,2090773966
188,experiment_state,1033659626
188,experiment_observation,1088975597
189,experiment_state,2010880550
189,experiment_observation,97510218
190,experiment_state,1270089101
190,experiment_observation,15594635
191,experiment_state,1848813810
191,experiment_observation,3221450
192,experiment_state,621002464
192,experiment_observation,1132085307
193,experiment_state,582012107
193,experiment_observation,905413320
194,experiment_state,1361973501
194,experiment_observation,1979261139
195,experiment_state,1887771974
195,experiment_observation,1860563960
196,experiment_state,1440046272
196,experiment_observation,117456289
197,experiment_state,2032210626
197,experiment_observation,751432226
198,experiment_state,1729666477
198,experiment_observation,789701637
199,experiment_state,1318380483
199,experiment_observation,1172838724
200,experiment_state,347691086
200,experiment_observation,1510743987
1,calibration_state,1255945966
1,calibration_observation,1143229024
2,calibration_state,528775483
2,calibration_observation,462655477
3,calibration_state,345521363
3,calibration_observation,1569930315
4,calibration_state,55909996
4,calibration_observation,278455558
5,calibration_state,1879051648
5,calibration_observation,1810517553
6,calibration_state,1975969799
6,calibration_observation,1238156380
7,calibration_state,224254917
7,calibration_observation,23473304
8,calibration_state,1863307080
8,calibration_observation,1055018868
9,calibration_state,1820674257
9,calibration_observation,1733947313
10,calibration_state,935798703
10,calibration_observation,403628117
11,calibration_state,188127874
11,calibration_observation,1504700560
12,calibration_state,2077547614
12,calibration_observation,2134512772
13,calibration_state,965314273
13,calibration_observation,424192403
14,calibration_state,226641085
14,calibration_observation,1889133015
15,calibration_state,504279888
15,calibration_observation,1361271390
16,calibration_state,529674452
16,calibration_observation,298463404
17,calibration_state,1716214580
17,calibration_observation,244676161
18,calibration_state,1123554677
18,calibration_observation,509380927
19,calibration_state,1386471578
19,calibration_observation,986569958
20,calibration_state,1756357129
20,calibration_observation,629849541
21,calibration_state,123577354
21,calibration_observation,826330417
22,calibration_state,764887976
22,calibration_observation,835720818
23,calibration_state,1737698544
23,calibration_observation,1144417179
24,calibration_state,1619109635
24,calibration_observation,1767622260
25,calibration_state,342379480
25,calibration_observation,706806111
26,calibration_state,1117876077
26,calibration_observation,658121811
27,calibration_state,1896781222
27,calibration_observation,1170599821
28,calibration_state,1105905684
28,calibration_observation,1115564005
29,calibration_state,910588302
29,calibration_observation,1703126515
30,calibration_state,926897346
30,calibration_observation,1005558224
31,calibration_state,38178137
31,calibration_observation,711646182
32,calibration_state,1087185927
32,calibration_observation,1010893029
33,calibration_state,458480478
33,calibration_observation,895748833
34,calibration_state,1889953509
34,calibration_observation,885631726
35,calibration_state,981491529
35,calibration_observation,1850466090
36,calibration_state,195150580
36,calibration_observation,423460113
37,calibration_state,401902088
37,calibration_observation,1650274409
38,calibration_state,1296928988
38,calibration_observation,1690066570
39,calibration_state,1815816863
39,calibration_observation,2127123725
40,calibration_state,1192978717
40,calibration_observation,230155500
41,calibration_state,1825405747
41,calibration_observation,820003528
42,calibration_state,1903697414
42,calibration_observation,964831231
43,calibration_state,1874782137
43,calibration_observation,37414583
44,calibration_state,281685247
44,calibration_observation,1192060184
45,calibration_state,1999992059
45,calibration_observation,1711222311
46,calibration_state,1203129581
46,calibration_observation,1190928011
47,calibration_state,551048007
47,calibration_observation,1461653964
48,calibration_state,560886239
48,calibration_observation,789181331
49,calibration_state,106528702
49,calibration_observation,593351819
50,calibration_state,991247007
50,calibration_observation,2052749119
51,calibration_state,1503877617
51,calibration_observation,1196465283
52,calibration_state,1104371153
52,calibration_observation,698999181
53,calibration_state,1251773086
53,calibration_observation,1643223110
54,calibration_state,1094549317
54,calibration_observation,39604330
55,calibration_state,2124008117
55,calibration_observation,1803720990
56,calibration_state,283179430
56,calibration_observation,777424217
57,calibration_state,1856543092
57,calibration_observation,963811715
58,calibration_state,1316715971
58,calibration_observation,417605382
59,calibration_state,466949638
59,calibration_observation,447418858
60,calibration_state,1451249266
60,calibration_observation,2074675654
61,calibration_state,60071344
61,calibration_observation,75219025
62,calibration_state,2032242465
62,calibration_observation,111665599
63,calibration_state,2031300991
63,calibration_observation,1933303446
64,calibration_state,471557830
64,calibration_observation,857574197
65,calibration_state,955413944
65,calibration_observation,162817921
66,calibration_state,131665544
66,calibration_observation,1313397097
67,calibration_state,1442783307
67,calibration_observation,251314027
68,calibration_state,1305338656
68,calibration_observation,933754552
69,calibration_state,1051743479
69,calibration_observation,1740684175
70,calibration_state,1813104347
70,calibration_observation,1172863539
71,calibration_state,1906940077
71,calibration_observation,134463406
72,calibration_state,856128984
72,calibration_observation,1119757755
73,calibration_state,934904091
73,calibration_observation,142824905
74,calibration_state,432030505
74,calibration_observation,567720193
75,calibration_state,1755065493
75,calibration_observation,1891106723
76,calibration_state,1724069273
76,calibration_observation,914118216
77,calibration_state,1267765407
77,calibration_observation,818842924
78,calibration_state,740049570
78,calibration_observation,1598775662
79,calibration_state,1369231458
79,calibration_observation,507542387
80,calibration_state,591798868
80,calibration_observation,688669631
81,calibration_state,1187063442
81,calibration_observation,1543182799
82,calibration_state,2068789544
82,calibration_observation,220878850
83,calibration_state,2010073000
83,calibration_observation,31396336
84,calibration_state,430125018
84,calibration_observation,522619644
85,calibration_state,1914127335
85,calibration_observation,1851470174
86,calibration_state,655435398
86,calibration_observation,1307480642
87,calibration_state,275227103
87,calibration_observation,102882152
88,calibration_state,175098385
88,calibration_observation,901787303
89,calibration_state,141864946
89,calibration_observation,242077195
90,calibration_state,209725468
90,calibration_observation,1504955413
91,calibration_state,1647383758
91,calibration_observation,1056335611
92,calibration_state,212271137
92,calibration_observation,873843758
93,calibration_state,813556650
93,calibration_observation,624525623
94,calibration_state,644373754
94,calibration_observation,395747948
95,calibration_state,588623829
95,calibration_observation,1713203040
96,calibration_state,1191889608
96,calibration_observation,1106434449
97,calibration_state,175652548
97,calibration_observation,850740273
98,calibration_state,1732290952
98,calibration_observation,1078072994
99,calibration_state,1972164129
99,calibration_observation,84610890
100,calibration_state,1657867018
100,calibration_observation,1996736179
101,calibration_state,1749877770
101,calibration_observation,1508012518
102,calibration_state,2133830822
102,calibration_observation,1667311442
103,calibration_state,244932530
103,calibration_observation,1321931457
104,calibration_state,303760381
104,calibration_observation,2061012362
105,calibration_state,1748091861
105,calibration_observation,386644828
106,calibration_state,433814436
106,calibration_observation,588436091
107,calibration_state,254326014
107,calibration_observation,53798628
108,calibration_state,664838117
108,calibration_observation,302633500
109,calibration_state,1075703769
109,calibration_observation,66300835
110,calibration_state,590400005
110,calibration_observation,931912576
111,calibration_state,1172056877
111,calibration_observation,2113284766
112,calibration_state,682260945
112,calibration_observation,1702463680
113,calibration_state,641291547
113,calibration_observation,697615673
114,calibration_state,23316897
114,calibration_observation,312126861
115,calibration_state,1241431860
115,calibration_observation,1563571650
116,calibration_state,1395726750
116,calibration_observation,191812325
117,calibration_state,2129974042
117,calibration_observation,1488450631
118,calibration_state,818590021
118,calibration_observation,732566212
119,calibration_state,367795829
119,calibration_observation,6300524
120,calibration_state,488043599
120,calibration_observation,498085071
121,calibration_state,108343893
121,calibration_observation,633687607
122,calibration_state,1061963523
122,calibration_observation,1332249624
123,calibration_state,159137288
123,calibration_observation,2047232305
124,calibration_state,898066902
124,calibration_observation,2133388145
125,calibration_state,1437794423
125,calibration_observation,1289463909
126,calibration_state,593321170
126,calibration_observation,1671820472
127,calibration_state,243429603
127,calibration_observation,929301234
128,calibration_state,839544751
128,calibration_observation,761656086
129,calibration_state,1588525886
129,calibration_observation,901871350
130,calibration_state,602420223
130,calibration_observation,268139014
131,calibration_state,1790758588
131,calibration_observation,1012551881
132,calibration_state,595434121
132,calibration_observation,1690726992
133,calibration_state,813650312
133,calibration_observation,1150525496
134,calibration_state,1034786262
134,calibration_observation,424221975
135,calibration_state,1220486345
135,calibration_observation,491526116
136,calibration_state,293604396
136,calibration_observation,1473900895
137,calibration_state,1795654933
137,calibration_observation,979132855
138,calibration_state,1549569273
138,calibration_observation,767822611
139,calibration_state,1291181485
139,calibration_observation,454724213
140,calibration_state,782395125
140,calibration_observation,1367864703
141,calibration_state,1807092544
141,calibration_observation,1892446855
142,calibration_state,51544753
142,calibration_observation,1796467436
143,calibration_state,201303045
143,calibration_observation,795497931
144,calibration_state,1686672038
144,calibration_observation,36379420
145,calibration_state,1182757766
145,calibration_observation,943619885
146,calibration_state,77232641
146,calibration_observation,903269728
147,calibration_state,1922772114
147,calibration_observation,781537512
148,calibration_state,2108015301
148,calibration_observation,1976790357
149,calibration_state,2073339473
149,calibration_observation,1300536342
150,calibration_state,552779646
150,calibration_observation,1608992348
1,fit_task_001,898892196
1,forecast_task_001,853384225
2,fit_task_002,1067708614
2,forecast_task_002,171242503
3,fit_task_003,1604389836
3,forecast_task_003,1083031003
4,fit_task_004,1999648814
4,forecast_task_004,1292081204
5,fit_task_005,1058932965
5,forecast_task_005,1110810750
6,fit_task_006,670328769
6,forecast_task_006,1665704830
7,fit_task_007,270104707
7,forecast_task_007,1261235294
8,fit_task_008,1068677822
8,forecast_task_008,83019532
9,fit_task_009,1333627058
9,forecast_task_009,818568106
10,fit_task_010,126101932
10,forecast_task_010,1677991218
11,fit_task_011,1013549303
11,forecast_task_011,1235328593
12,fit_task_012,1022849582
12,forecast_task_012,52181392
13,fit_task_013,1216540195
13,forecast_task_013,1356442918
14,fit_task_014,483710067
14,forecast_task_014,600120304
15,fit_task_015,1070408851
15,forecast_task_015,1744637676
16,fit_task_016,33452456
16,forecast_task_016,216771841
17,fit_task_017,1493362109
17,forecast_task_017,1574867486
18,fit_task_018,74722023
18,forecast_task_018,795435258
19,fit_task_019,377152753
19,forecast_task_019,1512526937
20,fit_task_020,652110469
20,forecast_task_020,872348508
21,fit_task_021,1044612130
21,forecast_task_021,528125775
22,fit_task_022,1124345900
22,forecast_task_022,1431931165
23,fit_task_023,518122202
23,forecast_task_023,1547726675
24,fit_task_024,1343211098
24,forecast_task_024,1428552160
25,fit_task_025,966424206
25,forecast_task_025,624778876
26,fit_task_026,378941795
26,forecast_task_026,1661992386
27,fit_task_027,1081727241
27,forecast_task_027,230506610
28,fit_task_028,981943243
28,forecast_task_028,732277788
29,fit_task_029,1924324864
29,forecast_task_029,1200189974
30,fit_task_030,1900619474
30,forecast_task_030,230059271
31,fit_task_031,1992206911
31,forecast_task_031,1438964074
32,fit_task_032,1770513870
32,forecast_task_032,889548373
33,fit_task_033,980289599
33,forecast_task_033,717660757
34,fit_task_034,1849955433
34,forecast_task_034,1751563058
35,fit_task_035,1240370944
35,forecast_task_035,152493215
36,fit_task_036,2464682
36,forecast_task_036,1954989038
37,fit_task_037,88275870
37,forecast_task_037,2085480937
38,fit_task_038,985098294
38,forecast_task_038,1175957057
39,fit_task_039,992946938
39,forecast_task_039,876797954
40,fit_task_040,430607190
40,forecast_task_040,611850974
41,fit_task_041,686804151
41,forecast_task_041,1670042513
42,fit_task_042,1838991317
42,forecast_task_042,1902855477
43,fit_task_043,2065516406
43,forecast_task_043,691384940
44,fit_task_044,1761079862
44,forecast_task_044,1528172162
45,fit_task_045,1161212350
45,forecast_task_045,649806902
46,fit_task_046,1983839275
46,forecast_task_046,2410827
47,fit_task_047,244885858
47,forecast_task_047,1869293018
48,fit_task_048,1428131675
48,forecast_task_048,1935077936
49,fit_task_049,2016811411
49,forecast_task_049,1567462157
50,fit_task_050,1707659109
50,forecast_task_050,639410063
51,fit_task_051,469033349
51,forecast_task_051,554981607
52,fit_task_052,1826421614
52,forecast_task_052,326379126
53,fit_task_053,1841661469
53,forecast_task_053,1059485756
54,fit_task_054,2017989559
54,forecast_task_054,172554314
55,fit_task_055,1203373444
55,forecast_task_055,1145134964
56,fit_task_056,1883533557
56,forecast_task_056,1718765587
57,fit_task_057,1646777835
57,forecast_task_057,1818806823
58,fit_task_058,7006906
58,forecast_task_058,405785963
59,fit_task_059,335636770
59,forecast_task_059,1715639698
60,fit_task_060,1218002213
60,forecast_task_060,1382332253
61,fit_task_061,2059426365
61,forecast_task_061,1048405928
62,fit_task_062,1525988810
62,forecast_task_062,1997804498
63,fit_task_063,1955895874
63,forecast_task_063,241102708
64,fit_task_064,124060614
64,forecast_task_064,1063222277
65,fit_task_065,729126443
65,forecast_task_065,1073769408
66,fit_task_066,1909896687
66,forecast_task_066,1161127212
67,fit_task_067,288802088
67,forecast_task_067,2028163850
68,fit_task_068,1945810006
68,forecast_task_068,916720906
69,fit_task_069,1154422198
69,forecast_task_069,1620954644
70,fit_task_070,1413531322
70,forecast_task_070,1191704720
71,fit_task_071,630785720
71,forecast_task_071,1986957283
72,fit_task_072,690564755
72,forecast_task_072,1103543475
73,fit_task_073,1024463809
73,forecast_task_073,1259303714
74,fit_task_074,1725878170
74,forecast_task_074,1645518931
75,fit_task_075,963842608
75,forecast_task_075,1192923833
76,fit_task_076,1039980078
76,forecast_task_076,1751628885
77,fit_task_077,428783616
77,forecast_task_077,1628800305
78,fit_task_078,1816016149
78,forecast_task_078,1502994373
79,fit_task_079,416884351
79,forecast_task_079,1733677924
80,fit_task_080,1094280615
80,forecast_task_080,600970762
81,fit_task_081,316260004
81,forecast_task_081,321511091
82,fit_task_082,1196399175
82,forecast_task_082,23170053
83,fit_task_083,1329663711
83,forecast_task_083,1831358548
84,fit_task_084,1986671068
84,forecast_task_084,502995021
85,fit_task_085,110632293
85,forecast_task_085,1141923706
86,fit_task_086,534785008
86,forecast_task_086,1890103655
87,fit_task_087,1707692266
87,forecast_task_087,1166860079
88,fit_task_088,1695895013
88,forecast_task_088,871227818
89,fit_task_089,714210085
89,forecast_task_089,1920988518
90,fit_task_090,1486284132
90,forecast_task_090,1907758658
91,fit_task_091,1916715292
91,forecast_task_091,1449391607
92,fit_task_092,819564118
92,forecast_task_092,1196391679
93,fit_task_093,135054756
93,forecast_task_093,826705391
94,fit_task_094,1889494614
94,forecast_task_094,1551215437
95,fit_task_095,1389143119
95,forecast_task_095,1535109892
96,fit_task_096,594309983
96,forecast_task_096,2041337814
97,fit_task_097,2067073962
97,forecast_task_097,686264245
98,fit_task_098,632380448
98,forecast_task_098,1874513190
99,fit_task_099,1715084565
99,forecast_task_099,1870207584
100,fit_task_100,549038649
100,forecast_task_100,1089872405
101,fit_task_101,1552879191
101,forecast_task_101,1131990297
102,fit_task_102,56127786
102,forecast_task_102,1529470991
103,fit_task_103,354604625
103,forecast_task_103,60957746
104,fit_task_104,1798299706
104,forecast_task_104,1366085988
105,fit_task_105,567976206
105,forecast_task_105,1772117236
106,fit_task_106,492786942
106,forecast_task_106,1410988814
107,fit_task_107,1763925877
107,forecast_task_107,1522534287
108,fit_task_108,2077530299
108,forecast_task_108,333817902
109,fit_task_109,1056353535
109,forecast_task_109,104052702
110,fit_task_110,1082985421
110,forecast_task_110,1169875585
111,fit_task_111,1748944557
111,forecast_task_111,1888830426
112,fit_task_112,1125838605
112,forecast_task_112,1157041032
113,fit_task_113,2034649373
113,forecast_task_113,1491731045
114,fit_task_114,49848743
114,forecast_task_114,1220025598
115,fit_task_115,672765111
115,forecast_task_115,339524916
116,fit_task_116,336894015
116,forecast_task_116,121606909
117,fit_task_117,983081380
117,forecast_task_117,674402675
118,fit_task_118,319158482
118,forecast_task_118,1774046653
119,fit_task_119,1336504003
119,forecast_task_119,1868477126
120,fit_task_120,1642956327
120,forecast_task_120,1595260303
121,fit_task_121,48342402
121,forecast_task_121,1251548393
122,fit_task_122,340757059
122,forecast_task_122,2140196770
123,fit_task_123,992931724
123,forecast_task_123,1886895298
124,fit_task_124,409966073
124,forecast_task_124,449813224
125,fit_task_125,1597257174
125,forecast_task_125,1928473771
126,fit_task_126,4706522
126,forecast_task_126,1626456000
127,fit_task_127,238678906
127,forecast_task_127,741189502
128,fit_task_128,621076444
128,forecast_task_128,1611934885
129,fit_task_129,1174297400
129,forecast_task_129,1227089123
130,fit_task_130,222647493
130,forecast_task_130,1541589875
131,fit_task_131,645583516
131,forecast_task_131,1756864790
132,fit_task_132,4765843
132,forecast_task_132,2027779620
133,fit_task_133,1994994140
133,forecast_task_133,2118731887
134,fit_task_134,182793911
134,forecast_task_134,274274067
135,fit_task_135,15014429
135,forecast_task_135,272028581
136,fit_task_136,1577471862
136,forecast_task_136,528494242
137,fit_task_137,1698561624
137,forecast_task_137,627487213
138,fit_task_138,785826491
138,forecast_task_138,220901510
139,fit_task_139,2105087363
139,forecast_task_139,1676249186
140,fit_task_140,1641356477
140,forecast_task_140,1559677777
141,fit_task_141,624849621
141,forecast_task_141,2051229729
142,fit_task_142,1778163402
142,forecast_task_142,201813322
143,fit_task_143,18493483
143,forecast_task_143,955190400
144,fit_task_144,987779800
144,forecast_task_144,1706529539
145,fit_task_145,1527949196
145,forecast_task_145,1768623087
146,fit_task_146,1930767420
146,forecast_task_146,682106124
147,fit_task_147,1332877799
147,forecast_task_147,1558265733
148,fit_task_148,469905856
148,forecast_task_148,169100021
149,fit_task_149,1038432294
149,forecast_task_149,762324261
150,fit_task_150,1735009280
150,forecast_task_150,140005202
151,fit_task_151,280986504
151,forecast_task_151,529318730
152,fit_task_152,1662085925
152,forecast_task_152,1467080865
153,fit_task_153,1866927594
153,forecast_task_153,1459957703
154,fit_task_154,1485223370
154,forecast_task_154,2138651675
155,fit_task_155,444055924
155,forecast_task_155,1577560830
156,fit_task_156,1294177733
156,forecast_task_156,658893411
157,fit_task_157,328432130
157,forecast_task_157,653941271
158,fit_task_158,68215846
158,forecast_task_158,874271768
159,fit_task_159,1677580245
159,forecast_task_159,863260315
160,fit_task_160,1133466589
160,forecast_task_160,1668331075
161,fit_task_161,1685531663
161,forecast_task_161,241609977
162,fit_task_162,1228592217
162,forecast_task_162,1324171201
163,fit_task_163,359446771
163,forecast_task_163,941119500
164,fit_task_164,1695957117
164,forecast_task_164,1255915506
165,fit_task_165,1254825314
165,forecast_task_165,1696717089
166,fit_task_166,1676618842
166,forecast_task_166,1550224742
167,fit_task_167,210531652
167,forecast_task_167,2014384680
168,fit_task_168,597248119
168,forecast_task_168,1162165024
169,fit_task_169,590334784
169,forecast_task_169,732219864
170,fit_task_170,1788105019
170,forecast_task_170,167999899
171,fit_task_171,420116279
171,forecast_task_171,1692898364
172,fit_task_172,473622036
172,forecast_task_172,918027150
173,fit_task_173,1902983281
173,forecast_task_173,309894782
174,fit_task_174,1331665784
174,forecast_task_174,2002102641
175,fit_task_175,1310497938
175,forecast_task_175,936035396
176,fit_task_176,481074875
176,forecast_task_176,1941525939
177,fit_task_177,1891759834
177,forecast_task_177,1919283861
178,fit_task_178,854206924
178,forecast_task_178,1639518814
179,fit_task_179,947618446
179,forecast_task_179,765926684
180,fit_task_180,1505250248
180,forecast_task_180,1879575779
181,fit_task_181,1152063465
181,forecast_task_181,884925360
182,fit_task_182,646769139
182,forecast_task_182,2087656651
183,fit_task_183,1388828134
183,forecast_task_183,777005442
184,fit_task_184,1533972135
184,forecast_task_184,1019243860
185,fit_task_185,2014434142
185,forecast_task_185,883113100
186,fit_task_186,1767832519
186,forecast_task_186,936651291
187,fit_task_187,1286018388
187,forecast_task_187,1480937470
188,fit_task_188,957871757
188,forecast_task_188,255638913
189,fit_task_189,225090017
189,forecast_task_189,855219430
190,fit_task_190,1592462614
190,forecast_task_190,1172548335
191,fit_task_191,2124736294
191,forecast_task_191,1294972668
192,fit_task_192,856224030
192,forecast_task_192,758663568
193,fit_task_193,887750202
193,forecast_task_193,587358824
194,fit_task_194,1009392856
194,forecast_task_194,947162639
195,fit_task_195,1859950599
195,forecast_task_195,1743776741
196,fit_task_196,1306843694
196,forecast_task_196,2014548086
197,fit_task_197,1561990860
197,forecast_task_197,577910110
198,fit_task_198,533879108
198,forecast_task_198,1331394706
199,fit_task_199,1040152629
199,forecast_task_199,849249829
200,fit_task_200,497118099
200,forecast_task_200,348770155
1,fit_task_201,160132296
1,forecast_task_201,1845338179
2,fit_task_202,167753415
2,forecast_task_202,476809599
3,fit_task_203,1714778550
3,forecast_task_203,1124107143
4,fit_task_204,1132020287
4,forecast_task_204,2060263094
5,fit_task_205,1456923936
5,forecast_task_205,418020055
6,fit_task_206,2054625648
6,forecast_task_206,1796491727
7,fit_task_207,1847897271
7,forecast_task_207,968837052
8,fit_task_208,946380508
8,forecast_task_208,1131360488
9,fit_task_209,2004016462
9,forecast_task_209,2118567474
10,fit_task_210,1783656463
10,forecast_task_210,2040518026
11,fit_task_211,2018843436
11,forecast_task_211,547610705
12,fit_task_212,73833921
12,forecast_task_212,431338425
13,fit_task_213,112807001
13,forecast_task_213,527691644
14,fit_task_214,1308608618
14,forecast_task_214,1954439046
15,fit_task_215,549935570
15,forecast_task_215,803693733
16,fit_task_216,1386886511
16,forecast_task_216,1921080045
17,fit_task_217,414869950
17,forecast_task_217,537407777
18,fit_task_218,542991184
18,forecast_task_218,1963311341
19,fit_task_219,675440427
19,forecast_task_219,692665564
20,fit_task_220,652140043
20,forecast_task_220,268989725
21,fit_task_221,2131900283
21,forecast_task_221,1982403343
22,fit_task_222,1816171557
22,forecast_task_222,2108980650
23,fit_task_223,1582840481
23,forecast_task_223,2129746011
24,fit_task_224,335915542
24,forecast_task_224,1931544302
25,fit_task_225,1851311532
25,forecast_task_225,1781189489
26,fit_task_226,1957955944
26,forecast_task_226,392782253
27,fit_task_227,412460070
27,forecast_task_227,920612524
28,fit_task_228,1598562278
28,forecast_task_228,2418329
29,fit_task_229,1930374794
29,forecast_task_229,627769858
30,fit_task_230,1148433803
30,forecast_task_230,1293950426
31,fit_task_231,1486365257
31,forecast_task_231,1372922833
32,fit_task_232,1067385375
32,forecast_task_232,1727517204
33,fit_task_233,865587197
33,forecast_task_233,1313860225
34,fit_task_234,1067236070
34,forecast_task_234,950277996
35,fit_task_235,1320729343
35,forecast_task_235,850605270
36,fit_task_236,923711391
36,forecast_task_236,876872700
37,fit_task_237,1528424545
37,forecast_task_237,851428384
38,fit_task_238,541595963
38,forecast_task_238,1034853201
39,fit_task_239,100567152
39,forecast_task_239,485151408
40,fit_task_240,623534800
40,forecast_task_240,203780433
41,fit_task_241,1347576645
41,forecast_task_241,1192862746
42,fit_task_242,943886489
42,forecast_task_242,2037521022
43,fit_task_243,208091289
43,forecast_task_243,331507597
44,fit_task_244,182360203
44,forecast_task_244,853696576
45,fit_task_245,944033770
45,forecast_task_245,1274156711
46,fit_task_246,1764716364
46,forecast_task_246,482728807
47,fit_task_247,1349784499
47,forecast_task_247,1486172732
48,fit_task_248,1706970066
48,forecast_task_248,130073339
49,fit_task_249,238812632
49,forecast_task_249,678958783
50,fit_task_250,1980653044
50,forecast_task_250,706613390
51,fit_task_251,709769152
51,forecast_task_251,1736051388
52,fit_task_252,2028430500
52,forecast_task_252,1576006850
53,fit_task_253,1231921413
53,forecast_task_253,14615399
54,fit_task_254,1452479467
54,forecast_task_254,199140721
55,fit_task_255,1215080393
55,forecast_task_255,223274770
56,fit_task_256,384576696
56,forecast_task_256,1344278876
57,fit_task_257,1718740267
57,forecast_task_257,225948231
58,fit_task_258,1645501612
58,forecast_task_258,1520134824
59,fit_task_259,1630743746
59,forecast_task_259,1642366271
60,fit_task_260,664409445
60,forecast_task_260,1323937896
61,fit_task_261,1647571272
61,forecast_task_261,1402903820
62,fit_task_262,853779834
62,forecast_task_262,1493275649
63,fit_task_263,19576191
63,forecast_task_263,737995259
64,fit_task_264,445843450
64,forecast_task_264,1099474908
65,fit_task_265,276762226
65,forecast_task_265,1767307329
66,fit_task_266,283599131
66,forecast_task_266,1549439109
67,fit_task_267,955681692
67,forecast_task_267,1890585487
68,fit_task_268,108235723
68,forecast_task_268,452849667
69,fit_task_269,319785878
69,forecast_task_269,1604358401
70,fit_task_270,1923077358
70,forecast_task_270,913307125
71,fit_task_271,32102585
71,forecast_task_271,106068439
72,fit_task_272,1034774299
72,forecast_task_272,359250801
73,fit_task_273,1050999394
73,forecast_task_273,1076370934
74,fit_task_274,2141644351
74,forecast_task_274,1651057944
75,fit_task_275,287915939
75,forecast_task_275,1987607182
76,fit_task_276,1981510262
76,forecast_task_276,1784072950
77,fit_task_277,1042142895
77,forecast_task_277,1504187211
78,fit_task_278,1410940966
78,forecast_task_278,1193776477
79,fit_task_279,1917403340
79,forecast_task_279,969010230
80,fit_task_280,407124121
80,forecast_task_280,1460501785
81,fit_task_281,2004002667
81,forecast_task_281,1101538238
82,fit_task_282,1471232775
82,forecast_task_282,1827121583
83,fit_task_283,1646898423
83,forecast_task_283,2092766435
84,fit_task_284,1882427085
84,forecast_task_284,1999190776
85,fit_task_285,324872358
85,forecast_task_285,592784673
86,fit_task_286,1435847650
86,forecast_task_286,1173319462
87,fit_task_287,1313140244
87,forecast_task_287,1334890138
88,fit_task_288,2019110854
88,forecast_task_288,4818073
89,fit_task_289,1204789522
89,forecast_task_289,1371828907
90,fit_task_290,1983975768
90,forecast_task_290,738629549
91,fit_task_291,1336347638
91,forecast_task_291,984093808
92,fit_task_292,914614124
92,forecast_task_292,354857291
93,fit_task_293,2029222300
93,forecast_task_293,2060876807
94,fit_task_294,297128480
94,forecast_task_294,1044719715
95,fit_task_295,1222483700
95,forecast_task_295,1825087593
96,fit_task_296,1025572479
96,forecast_task_296,1510582610
97,fit_task_297,1953148877
97,forecast_task_297,2127181719
98,fit_task_298,1976936215
98,forecast_task_298,236651667
99,fit_task_299,871152365
99,forecast_task_299,930267217
100,fit_task_300,1784892620
100,forecast_task_300,1179665840
101,fit_task_301,251619869
101,forecast_task_301,839502407
102,fit_task_302,904724521
102,forecast_task_302,284853901
103,fit_task_303,1144635476
103,forecast_task_303,196744054
104,fit_task_304,729270145
104,forecast_task_304,1688354118
105,fit_task_305,1405115330
105,forecast_task_305,1053134721
106,fit_task_306,769656788
106,forecast_task_306,619264110
107,fit_task_307,1880516060
107,forecast_task_307,695862188
108,fit_task_308,786472031
108,forecast_task_308,41264127
109,fit_task_309,1664321047
109,forecast_task_309,1591999162
110,fit_task_310,185545072
110,forecast_task_310,1141296216
111,fit_task_311,1427686734
111,forecast_task_311,1890066422
112,fit_task_312,1970277508
112,forecast_task_312,1839780792
113,fit_task_313,1323200918
113,forecast_task_313,1413504336
114,fit_task_314,1838786443
114,forecast_task_314,1544462469
115,fit_task_315,785160833
115,forecast_task_315,2021461567
116,fit_task_316,390345322
116,forecast_task_316,917286680
117,fit_task_317,1569433883
117,forecast_task_317,1178031974
118,fit_task_318,1574771750
118,forecast_task_318,1780089025
119,fit_task_319,319393234
119,forecast_task_319,194425359
120,fit_task_320,1012062049
120,forecast_task_320,853696458
121,fit_task_321,1738718258
121,forecast_task_321,617917561
122,fit_task_322,1601257551
122,forecast_task_322,514208046
123,fit_task_323,200761009
123,forecast_task_323,1634437514
124,fit_task_324,438769972
124,forecast_task_324,2082442543
125,fit_task_325,1450084135
125,forecast_task_325,652633937
126,fit_task_326,1537562496
126,forecast_task_326,779324884
127,fit_task_327,429722206
127,forecast_task_327,1761524058
128,fit_task_328,1107440592
128,forecast_task_328,339993753
129,fit_task_329,1049485194
129,forecast_task_329,1554478374
130,fit_task_330,327400449
130,forecast_task_330,1339779285
131,fit_task_331,1397622478
131,forecast_task_331,1911696155
132,fit_task_332,1159464293
132,forecast_task_332,910653163
133,fit_task_333,735934966
133,forecast_task_333,812817690
134,fit_task_334,1923880135
134,forecast_task_334,838693591
135,fit_task_335,2008429770
135,forecast_task_335,452261788
136,fit_task_336,1117665564
136,forecast_task_336,414835312
137,fit_task_337,868788556
137,forecast_task_337,592954134
138,fit_task_338,767749296
138,forecast_task_338,1228437033
139,fit_task_339,502082127
139,forecast_task_339,1502667939
140,fit_task_340,510140980
140,forecast_task_340,1831332145
141,fit_task_341,267912558
141,forecast_task_341,1653998601
142,fit_task_342,532196573
142,forecast_task_342,1083516778
143,fit_task_343,1684035991
143,forecast_task_343,1178170254
144,fit_task_344,1016415778
144,forecast_task_344,1658677072
145,fit_task_345,1450756432
145,forecast_task_345,2094246071
146,fit_task_346,1598195710
146,forecast_task_346,501583421
147,fit_task_347,942074226
147,forecast_task_347,1613278444
148,fit_task_348,626566997
148,forecast_task_348,933693787
149,fit_task_349,180248092
149,forecast_task_349,758277947
150,fit_task_350,1107946165
150,forecast_task_350,1044541825
151,fit_task_351,1850667879
151,forecast_task_351,215395820
152,fit_task_352,465230537
152,forecast_task_352,467372175
153,fit_task_353,114759814
153,forecast_task_353,1441050891
154,fit_task_354,1542075398
154,forecast_task_354,244399745
155,fit_task_355,1393207946
155,forecast_task_355,1692533759
156,fit_task_356,876851972
156,forecast_task_356,264815362
157,fit_task_357,827533096
157,forecast_task_357,597268456
158,fit_task_358,2139459562
158,forecast_task_358,2027571155
159,fit_task_359,189058145
159,forecast_task_359,1464496939
160,fit_task_360,1253416324
160,forecast_task_360,528248338
161,fit_task_361,1542054563
161,forecast_task_361,1184897773
162,fit_task_362,77767224
162,forecast_task_362,1248902979
163,fit_task_363,2065475430
163,forecast_task_363,234188756
164,fit_task_364,1749357155
164,forecast_task_364,557048146
165,fit_task_365,1727499350
165,forecast_task_365,1119689861
166,fit_task_366,2100683220
166,forecast_task_366,1550235256
167,fit_task_367,2020330465
167,forecast_task_367,1901307063
168,fit_task_368,1279232385
168,forecast_task_368,390588035
169,fit_task_369,826582881
169,forecast_task_369,1604881812
170,fit_task_370,729324468
170,forecast_task_370,320678434
171,fit_task_371,1675805683
171,forecast_task_371,793074844
172,fit_task_372,604972056
172,forecast_task_372,1814779829
173,fit_task_373,1816492479
173,forecast_task_373,1440357273
174,fit_task_374,82314005
174,forecast_task_374,303443026
175,fit_task_375,159908887
175,forecast_task_375,1004726458
176,fit_task_376,1153651849
176,forecast_task_376,1217257742
177,fit_task_377,2068475512
177,forecast_task_377,1799093941
178,fit_task_378,80599794
178,forecast_task_378,293845864
179,fit_task_379,2019846295
179,forecast_task_379,448640019
180,fit_task_380,1575797026
180,forecast_task_380,1845591864
181,fit_task_381,2091025056
181,forecast_task_381,1736992298
182,fit_task_382,332986564
182,forecast_task_382,786349298
183,fit_task_383,1044358931
183,forecast_task_383,1446291397
184,fit_task_384,8685866
184,forecast_task_384,1598376134
185,fit_task_385,1202046890
185,forecast_task_385,1018338892
186,fit_task_386,237891249
186,forecast_task_386,1951187740
187,fit_task_387,855032785
187,forecast_task_387,274455353
188,fit_task_388,48675374
188,forecast_task_388,1465646426
189,fit_task_389,2025481924
189,forecast_task_389,357642534
190,fit_task_390,366583377
190,forecast_task_390,852147036
191,fit_task_391,977412068
191,forecast_task_391,498689435
192,fit_task_392,1761614382
192,forecast_task_392,906663212
193,fit_task_393,687087743
193,forecast_task_393,1287085065
194,fit_task_394,1481185109
194,forecast_task_394,1957790969
195,fit_task_395,890676390
195,forecast_task_395,1421438124
196,fit_task_396,1691636942
196,forecast_task_396,1966401609
197,fit_task_397,583285584
197,forecast_task_397,1175464970
198,fit_task_398,1066223848
198,forecast_task_398,763434075
199,fit_task_399,227796125
199,forecast_task_399,1932173978
200,fit_task_400,2044455209
200,forecast_task_400,774604312
