market,refit_date
SP500,2018-01-02
SP500,2018-02-01
SP500,2018-02-05
SP500,2018-03-01
SP500,2018-03-23
SP500,2018-04-02
SP500,2018-05-01
SP500,2018-06-01
SP500,2018-07-02
SP500,2018-08-01
SP500,2018-09-04
SP500,2018-10-01
SP500,2018-10-11
SP500,2018-11-01
SP500,2018-12-03
SP500,2018-12-14
SP500,2019-01-02
SP500,2019-02-01
SP500,2019-03-01
SP500,2019-04-01
SP500,2019-04-18
SP500,2019-04-22
SP500,2019-05-01
SP500,2019-06-03
SP500,2019-06-13
SP500,2019-07-01
SP500,2019-08-01
SP500,2019-08-14
SP500,2019-09-03
SP500,2019-10-01
SP500,2019-11-01
SP500,2019-12-02
SP500,2020-01-02
SP500,2020-02-03
SP500,2020-03-02
SP500,2020-03-09
SP500,2020-03-12
SP500,2020-03-16
SP500,2020-04-01
SP500,2020-05-01
SP500,2020-06-01
SP500,2020-07-01
SP500,2020-08-03
SP500,2020-09-01
SP500,2020-09-03
SP500,2020-10-01
SP500,2020-11-02
SP500,2020-12-01
SP500,2021-01-04
SP500,2021-02-01
SP500,2021-03-01
SP500,2021-04-01
SP500,2021-05-03
SP500,2021-06-01
SP500,2021-07-01
SP500,2021-08-02
SP500,2021-09-01
SP500,2021-10-01
SP500,2021-11-01
SP500,2021-12-01
SP500,2022-01-03
SP500,2022-02-01
FTSE100,2018-01-02
FTSE100,2018-02-01
FTSE100,2018-02-07
FTSE100,2018-02-19
FTSE100,2018-03-01
FTSE100,2018-04-03
FTSE100,2018-05-01
FTSE100,2018-06-01
FTSE100,2018-07-02
FTSE100,2018-08-01
FTSE100,2018-09-03
FTSE100,2018-10-01
FTSE100,2018-11-01
FTSE100,2018-11-02
FTSE100,2018-12-03
FTSE100,2019-01-02
FTSE100,2019-02-01
FTSE100,2019-03-01
FTSE100,2019-04-01
FTSE100,2019-05-01
FTSE100,2019-06-03
FTSE100,2019-07-01
FTSE100,2019-08-01
FTSE100,2019-08-05
FTSE100,2019-09-02
FTSE100,2019-10-01
FTSE100,2019-10-02
FTSE100,2019-11-01
FTSE100,2019-12-02
FTSE100,2020-01-02
FTSE100,2020-02-03
FTSE100,2020-03-02
FTSE100,2020-03-12
FTSE100,2020-04-01
FTSE100,2020-05-01
FTSE100,2020-05-18
FTSE100,2020-06-01
FTSE100,2020-07-01
FTSE100,2020-08-03
FTSE100,2020-08-04
FTSE100,2020-08-05
FTSE100,2020-09-01
FTSE100,2020-10-01
FTSE100,2020-11-02
FTSE100,2020-12-01
FTSE100,2021-01-04
FTSE100,2021-02-01
FTSE100,2021-02-26
FTSE100,2021-03-01
FTSE100,2021-04-01
FTSE100,2021-05-04
FTSE100,2021-06-01
FTSE100,2021-07-01
FTSE100,2021-07-02
FTSE100,2021-08-02
FTSE100,2021-09-01
FTSE100,2021-10-01
FTSE100,2021-11-01
FTSE100,2021-12-01
FTSE100,2022-01-04
FTSE100,2022-02-01
DAX,2018-01-02
DAX,2018-02-01
DAX,2018-02-08
DAX,2018-03-01
DAX,2018-04-03
DAX,2018-05-02
DAX,2018-06-01
DAX,2018-06-18
DAX,2018-07-02
DAX,2018-08-01
DAX,2018-09-03
DAX,2018-10-01
DAX,2018-11-01
DAX,2018-12-03
DAX,2019-01-02
DAX,2019-02-01
DAX,2019-03-01
DAX,2019-03-05
DAX,2019-04-01
DAX,2019-05-02
DAX,2019-05-13
DAX,2019-06-03
DAX,2019-07-01
DAX,2019-07-30
DAX,2019-08-01
DAX,2019-09-02
DAX,2019-10-01
DAX,2019-11-01
DAX,2019-12-02
DAX,2020-01-02
DAX,2020-01-15
DAX,2020-02-03
DAX,2020-02-13
DAX,2020-03-02
DAX,2020-03-12
DAX,2020-04-01
DAX,2020-04-02
DAX,2020-05-04
DAX,2020-06-02
DAX,2020-06-10
DAX,2020-07-01
DAX,2020-08-03
DAX,2020-09-01
DAX,2020-10-01
DAX,2020-11-02
DAX,2020-11-20
DAX,2020-12-01
DAX,2020-12-21
DAX,2021-01-04
DAX,2021-02-01
DAX,2021-03-01
DAX,2021-04-01
DAX,2021-05-03
DAX,2021-05-05
DAX,2021-05-06
DAX,2021-06-01
DAX,2021-06-17
DAX,2021-07-01
DAX,2021-08-02
DAX,2021-09-01
DAX,2021-10-01
DAX,2021-11-01
DAX,2021-11-19
DAX,2021-11-26
DAX,2021-12-01
DAX,2022-01-03
DAX,2022-02-01
