origin_date,model_id,variance_forecast,component_file,component_sha256
2020-02-27,NN-SV,0.0003470107774837,NN-SV_2020-02-27.npz,2f4f96ff5fba29f917c4599a9ed83b7f11304192fdbb01cc5ddeb2b0b1efbc99
2020-02-27,RV-NN-SV,0.0002868195193763,RV-NN-SV_2020-02-27.npz,3b18b7797ab8c1fb53fc4ff673b8060c5da8427597acc9ca1d850bac057f3610
2020-02-27,RV-LIN-SV,0.0006548590791829,RV-LIN-SV_2020-02-27.npz,88622b7455c7085315539720952bdf535950fcae6e4eeadc701007a46d60fa6a
2020-03-02,NN-SV,0.000271464185145,NN-SV_2020-03-02.npz,a798c439e60226f13dc62864df6add2f8779a8435edecd09ec004659438aca65
2020-03-02,RV-NN-SV,0.0002069399908464,RV-NN-SV_2020-03-02.npz,db2f8f0b9438a7e39c9292250288f2cf2d5f4ccefcfd39c69a8fa441c936eb18
2020-03-02,RV-LIN-SV,0.0002837369932723,RV-LIN-SV_2020-03-02.npz,b77320454d87dc8feea9911b6f9cb42ece955ae8ef41ddec85949bbaa27a7197
2020-03-06,NN-SV,0.0007105388372692,NN-SV_2020-03-06.npz,bed039e5ef7c8b0c0d41f0457c613d3c05e7fc8a2c3262d4af237cba98baa7fb
2020-03-06,RV-NN-SV,0.0005926385856811,RV-NN-SV_2020-03-06.npz,2811e5bfdfd4800b2618cf98f576847ba23206790113e479115d23d9f61a0f00
2020-03-06,RV-LIN-SV,0.0005824316508179,RV-LIN-SV_2020-03-06.npz,9e4ebf36df4c6bb7c30496a22c882b06db24d88535ba214529c404691a1340a5
2020-03-11,NN-SV,0.0014304847457559,NN-SV_2020-03-11.npz,14959e63a38e5dc04025dda8c8d18256f16348b3ed271473bb708acaadc9ff40
2020-03-11,RV-NN-SV,0.0008992014684864,RV-NN-SV_2020-03-11.npz,b31626d0c78b8f750ac55f9f3958b3dbd075f01a810ce4eb5816abc93d410dff
2020-03-11,RV-LIN-SV,0.0009980807673924,RV-LIN-SV_2020-03-11.npz,e40b15d4e4909292b208806709c7307e2b97d12c5603aa73024829cc83dde8c4
2020-03-13,NN-SV,0.0014391683718164,NN-SV_2020-03-13.npz,72af27e535144674ce46c501d079a931d0d332f1c8e1556ddd5f30d421c13553
2020-03-13,RV-NN-SV,0.0008553410307801,RV-NN-SV_2020-03-13.npz,78d7211bddb6ec0891c670d1b554d71814500c0460c9ab7be0dbdaaab1dbdda9
2020-03-13,RV-LIN-SV,0.000828899778567,RV-LIN-SV_2020-03-13.npz,0eeec5bc99a32400226124bb2d329abcee592ef911fc8e069c7a48d040077b46
