dgp_id,quantity,value,n
DGP-0,q_c,0.0173436231772,200
DGP-0,successful_fits,200,200
DGP-0,interval_upper_below_qc,200,200
DGP-0,probability_at_least_qc_max,0.01125,200
DGP-0,posterior_median_q25,0.00082418813529157916,200
DGP-0,posterior_median_median,0.0010840668144604501,200
DGP-0,posterior_median_q75,0.0015091255634240488,200
DGP-0,posterior_median_q95,0.0030850341442309102,200
DGP-0,true_index_q25,0,200
DGP-0,true_index_median,0,200
DGP-0,true_index_q75,0,200
DGP-0,true_index_q95,0,200
DGP-0,probability_at_least_qc_q25,0,200
DGP-0,probability_at_least_qc_median,0,200
DGP-0,probability_at_least_qc_q75,3.1250000000000001e-05,200
DGP-0,probability_at_least_qc_q95,0.0015,200
DGP-0,declarations_truth_at_least_qc,0,0
DGP-0,declarations_truth_below_qc,0,200
DGP-N,q_c,0.0173436231772,200
DGP-N,successful_fits,198,200
DGP-N,covered_fits,187,200
DGP-N,coverage_all_replications,0.93500000000000005,200
DGP-N,coverage_successful_fits,0.94444444444444442,198
DGP-N,truth_above_interval,11,198
DGP-N,truth_below_interval,0,198
DGP-N,interval_upper_below_qc,12,198
DGP-N,probability_at_least_qc_max,0.99112500000000003,198
DGP-N,posterior_median_q25,0.011281844150177293,198
DGP-N,posterior_median_median,0.015028182701831799,198
DGP-N,posterior_median_q75,0.020628849587978674,198
DGP-N,posterior_median_q95,0.028752319197396937,198
DGP-N,true_index_q25,0.015344966718217374,200
DGP-N,true_index_median,0.017321450155566298,200
DGP-N,true_index_q75,0.01955872309111575,200
DGP-N,true_index_q95,0.024241345839766143,200
DGP-N,probability_at_least_qc_q25,0.16028124999999999,198
DGP-N,probability_at_least_qc_median,0.358375,198
DGP-N,probability_at_least_qc_q75,0.68612499999999998,198
DGP-N,probability_at_least_qc_q95,0.92195624999999992,198
DGP-N,declarations_truth_at_least_qc,4,100
DGP-N,declarations_truth_below_qc,0,100
