true_relative_correction_variance_index,normalised_true_index,fitted_declaration_probability,pointwise_95_lower,pointwise_95_upper
0.010412750687807497,-0.39962079541164486,0.0025355713361477797,0.0,0.005890284697250137
0.010745897672020365,-0.38041218018695383,0.002737989691699779,0.0,0.006297115127834023
0.010796535053292035,-0.3774925260435083,0.0027701368093190734,0.0,0.006361431731395556
0.01214552623191079,-0.29971228573062236,0.003779935511396802,0.0,0.00834971468800963
0.012389855282563493,-0.2856247419598433,0.003998681739184122,0.0,0.008774065033549307
0.012488773369610127,-0.2799213150555577,0.004090787418488805,0.0,0.008952228189538121
0.012582889124353111,-0.27449478140792233,0.004180382070017704,0.0,0.009125264097608197
0.01259462235997546,-0.27381826557830174,0.004191687787342992,0.0,0.009147080842219966
0.012616233449900123,-0.27257221164228956,0.004212591188985229,0.0,0.009187407836676244
0.012618236012289601,-0.2724567477412916,0.004214533421445128,0.0,0.00919115411916598
0.012776783839706712,-0.2633151845398068,0.004371168592865997,0.0,0.009492909663815326
0.012859096616187483,-0.2585691879484498,0.00445476036253101,0.0,0.009653662509936666
0.012938872959627295,-0.25396943721443443,0.00453729447141404,0.0,0.009812198798960078
0.01294345226621324,-0.2537054031922951,0.00454207800692199,0.0,0.009821381919183482
0.013016491612009748,-0.2494940948024469,0.004619056894441148,0.0,0.009969082722048236
0.01311870575600108,-0.24360062358556162,0.004728969085803804,0.0,0.010179727716638925
0.013305998513617925,-0.23280168291997677,0.004937165109725418,0.0,0.0105780028261314
0.013315947455245458,-0.23222804605495248,0.004948476060481802,0.0,0.010599614975445648
0.013323342341230317,-0.2318016711326363,0.004956900007276948,0.0,0.01061570922136033
0.013545680352784438,-0.2189820884374583,0.005216951689351992,0.0,0.011111904914567953
0.013562376136403511,-0.21801944162205578,0.005237018625681663,0.0,0.011150145450401511
0.013685186871907985,-0.21093841049899023,0.00538700544206409,0.0,0.011435768201518284
0.013881462883899225,-0.1996215126405736,0.0056356327903038005,0.0,0.011908530941508708
0.014010796042221446,-0.19216441114564245,0.005805665055239451,0.0,0.012231406556009638
0.014019632262818008,-0.1916549316380285,0.005817466299274264,0.0,0.012253804195634533
0.014030246347660697,-0.19104294389277798,0.005831673508021758,0.0,0.012280766194368492
0.014076001605065726,-0.1884047836342468,0.005893313902140638,0.0,0.012397721532246154
0.014097835752946146,-0.18714586860493948,0.0059229561960265735,0.0,0.012453950843174938
0.014115498454489863,-0.18612747115918912,0.005947043687458196,0.0,0.012499636873889441
0.014119070995314665,-0.18592148531711328,0.005951927562945693,0.0,0.012508899307196867
0.014146878385161994,-0.1843181646289721,0.005990078449396316,0.0,0.01258124613062232
0.014292389948848752,-0.17592824735505164,0.00619371494004198,0.0,0.012967196527574032
0.01434645108467083,-0.17281118610033366,0.006271111242173445,0.0,0.01311379993163226
0.014347359916327903,-0.17275878461260605,0.0062724205460277125,0.0,0.013116279635774542
0.014381570661905145,-0.1707862587321882,0.006321904144191731,0.0,0.013209988541085346
0.014469100473014076,-0.16573945794468042,0.006450283128292422,0.0,0.01345303113076702
0.014549321383605374,-0.16111407432260333,0.006570215362669664,0.0,0.013679996721645424
0.014690226349218318,-0.15298976464559313,0.006786258248651108,0.0,0.0140886728312015
0.014699979858782106,-0.15242739601799227,0.006801471307995191,0.0,0.014117443321145666
0.014736891440629582,-0.15029914510580691,0.00685935148951527,0.0,0.014226897140470068
0.014774663522552895,-0.148121279412036,0.006919087397428219,0.0,0.01433984866559438
0.014821520879466697,-0.14541957421266333,0.006993909884764251,0.0,0.014481311830294701
0.014851463080890921,-0.14369316438939259,0.007042142177058631,0.0,0.014572494476358014
0.014899910001505439,-0.1408998080001575,0.007120883172653233,0.0,0.014721342187559171
0.015002094014849556,-0.13500807405851784,0.007289840861531513,0.0,0.015040693588774388
0.015110180440756078,-0.128776018345464,0.007472890015685445,0.0,0.01538664468194258
0.015209272922124283,-0.12306253619956085,0.007644712257454457,0.0,0.01571136854563382
0.015230117322817148,-0.12186068809205197,0.007681351621892698,0.0,0.01578061363228559
0.015276115732775215,-0.11920850812434272,0.007762823249849405,0.0,0.01593459078860479
0.01531875780181123,-0.11674984832757816,0.007839115732103866,0.0,0.016078785097913044
0.01535370302368619,-0.11473497395456375,0.007902191730182966,0.0,0.016198005228939112
0.015354752771578342,-0.11467444750738331,0.007904094290599802,0.0,0.016201601348675605
0.015382605259632172,-0.11306852654327675,0.00795474037949777,0.0,0.01629733193693493
0.015389733137914363,-0.11265754677224706,0.00796775313995563,0.0,0.016321929149353404
0.015431798403444476,-0.11023214435774972,0.008044979250564866,0.0,0.01646791100391335
0.015539409180688968,-0.10402751363295644,0.008245933343880315,0.0,0.016847836712358594
0.01558106535826937,-0.10162569844389237,0.008325052325549483,0.0,0.01699744753094676
0.015600581358052762,-0.10050044338132581,0.008362378223451157,0.0,0.01706803549156104
0.01563162812510423,-0.09871034642555919,0.008422099882299281,0.0,0.01718098543202161
0.0157307806039933,-0.09299340493784194,0.008615676070257886,0.0,0.01754717229930701
0.015742021697799164,-0.09234526506008896,0.0086378986329427,0.0,0.017589219204682253
0.015782248758355863,-0.09002585001366535,0.00871789015034737,0.0,0.01774058554617309
0.01581084340071315,-0.08837713785789852,0.008775196643434477,0.0,0.01784904130336286
0.01582350399026293,-0.08764715258201788,0.008800688822188645,0.0,0.017897291086206486
0.015861708757650993,-0.08544433907542101,0.008878060126591456,0.0,0.018043751153336285
0.015869406247011525,-0.08500051662368259,0.008893730284137756,0.0,0.01807341720934989
0.01598835527795771,-0.07814214396816055,0.009139394100558893,0.0,0.018538648140061516
0.01608900090659605,-0.07233911033383619,0.009352498604206939,0.0,0.018942467676329566
0.01609784897333997,-0.0718289478001189,0.009371467000117423,0.0,0.018978423579623052
0.01610199528996587,-0.07158987914741931,0.00938036893974372,0.0,0.018995298518367003
0.016109470873634176,-0.07115885135167407,0.009396439822379529,0.0,0.019025764380640055
0.016204917664282174,-0.0656555727303147,0.009604042402232496,0.0,0.019419455478475726
0.016236318927165132,-0.06384503622579477,0.009673330128117757,0.0,0.01955090832350023
0.01628210023198477,-0.06120537412336736,0.009775235593482638,0.0,0.019744298309581465
0.016301311854630057,-0.06009766886195789,0.009818315065572103,0.0,0.01982607190983772
0.01633983445417238,-0.05787652976381566,0.009905263923603793,0.0,0.019991155539969614
0.016373330072294984,-0.05594523675886635,0.009981485735736954,0.0,0.02013591397258155
0.0164026207547352,-0.054256392268822166,0.010048614574538059,0.0,0.020263436016634374
0.016546776948110888,-0.04594462304373921,0.010385561077528528,0.0,0.020904001592851607
0.016649485642485872,-0.04002263700162975,0.010632426328442477,0.0,0.021373848557035245
0.016650703227569938,-0.03995243338433331,0.010635387398783667,0.0,0.02137948706895585
0.01669019187547497,-0.03767559379311431,0.010731864165840698,0.0,0.021563237169073268
0.016730464211554726,-0.03535356824699328,0.01083114718212922,0.0,0.021752409249728055
0.016768169227842394,-0.033179569428958805,0.010924924181100372,0.0,0.02193116328563925
0.016779531845961985,-0.03252442269269158,0.01095334153387036,0.0,0.021985345493943615
0.016861726099992338,-0.027785259878176222,0.011161093611943416,0.0,0.022381661302630976
0.01691196859494907,-0.024888374121180543,0.011289998899820537,0.0,0.022627748885815493
0.016936079694297827,-0.023498174443615176,0.011352381399102465,0.0,0.022746891828075905
0.016969991389374252,-0.02154289124067953,0.011440697932905917,0.0,0.02291562333434024
0.016998184922108108,-0.019917306295377003,0.011514639340409584,0.0,0.02305694320981336
0.01704138236326437,-0.017426624808878258,0.011628847733856888,0.0,0.023275318017671943
0.017072733667097516,-0.015618968847212785,0.011712436855051278,0.0,0.02343522034758143
0.017079416668409668,-0.015233639827787497,0.011730331756037514,0.0,0.02346946067771702
0.017160713041983876,-0.010546247075788573,0.01195019206759424,1.0002365482470951e-05,0.02389038176970601
0.01716236601121797,-0.010450940044656428,0.011954704378502892,1.0383561501270053e-05,0.023899025195504513
0.0172343458777076,-0.006300719196670359,0.012152837531957141,2.693546181694803e-05,0.024278739602097334
0.017238660372208607,-0.006051953730716293,0.012164816191350436,2.792440661949537e-05,0.024301707976081374
0.017278367897519582,-0.003762494088674779,0.01227560816474854,3.7007246255148576e-05,0.02451420908324193
0.017285548636595673,-0.0033484664658000604,0.012295750002853044,3.864603537969899e-05,0.024552853970326388
0.01728706223084489,-0.0032611955285943225,0.01229999976923343,3.899131532672864e-05,0.02456100822314013
0.01735583808028785,0.0007042878505287618,0.012494641870752736,5.462084392280839e-05,0.024934662897582664
0.01740760158816637,0.003688872291141426,0.012643140352600805,6.630022325154923e-05,0.02521998048195006
0.017407762904400638,0.0036981734753644855,0.012643605847158582,6.633649849863317e-05,0.025220875195818532
0.017437647084984895,0.005421237928445005,0.012730132238863589,7.304272462462652e-05,0.02538722175310255
0.01745652171841318,0.00650951303886696,0.01278508258412724,7.726369870598819e-05,0.02549290146954849
0.017505415145619492,0.009328614140566906,0.012928518739249098,8.814194625882642e-05,0.02576889553223937
0.017634191313469823,0.01675360063471659,0.013313946191866243,0.00011636132094793375,0.026511531062784553
0.017656205728736975,0.018022909535298073,0.013380960639539453,0.00012111583964557332,0.026640805439433334
0.01769174620598221,0.020072105189638548,0.013489852843230135,0.00012874462294352497,0.026850961063516747
0.01770270325658969,0.0207038676821426,0.013523600001601285,0.00013108446963900657,0.026916115533563566
0.017718830733291176,0.021633747012240495,0.013573423336760492,0.00013451777610450598,0.027012328897416477
0.017720907711743825,0.021753501600507805,0.013579852983450042,0.0001349589988281323,0.02702474696807195
0.017743404043884855,0.023050596902405508,0.013649687025350469,0.00013972406763887446,0.027159649983062063
0.017756292738753572,0.023793734292847705,0.013689856094469165,0.00014244239935731068,0.02723726978958102
0.017934764973190492,0.034084100533711414,0.01425821323251267,0.00017912336700465215,0.028337303098020687
0.017944976940094372,0.03467290293096968,0.014291428308709442,0.000181163411537337,0.028401693205881547
0.018007454228035187,0.03827522335170785,0.014496306328369792,0.0001934919664956427,0.028799120690243943
0.01815291683535767,0.04666231789569614,0.014984591039213922,0.00022109580610303256,0.029748086272324812
0.018166868432557295,0.04746674019299129,0.0150322660542694,0.00022365600490575205,0.02984087610363305
0.01823808702757106,0.05157306758987509,0.015277969196193036,0.0002364679940917401,0.030319470398294333
0.018265355584485242,0.053145320206042936,0.015373088456288233,0.0002412555406883527,0.030504921371888115
0.018287724383408407,0.05443506218755529,0.015451551235251841,0.00024513217998379036,0.030657970290519893
0.018308710354968075,0.05564507299932474,0.015525521804685853,0.0002487267454885714,0.030802316863883135
0.01831733947497957,0.05614261148498791,0.01555603842619923,0.0002501926719545716,0.030861884180443888
0.018322796382873954,0.056457246312937574,0.015575367078356835,0.00025111601880355335,0.030899618137910118
0.018353519218632687,0.05822866601254924,0.015684630906270758,0.00025626059959121643,0.031113001212950298
0.01842479737099215,0.06233842737159245,0.015941040372504635,0.0002678319763395193,0.03161424876866975
0.018509429342481818,0.06721814429261767,0.01625084648835751,0.0002808733844567972,0.032220819592258226
0.018579732503777566,0.07127168953962057,0.016512696576973945,0.00029109300333456795,0.03273430015061332
0.01862555554226135,0.07391375792496359,0.01668559693819408,0.0002974374413400281,0.03307375643504813
0.018665352991245027,0.07620840239325415,0.016837204577729137,0.0003027363184479083,0.03337167283701037
0.01867790447339445,0.07693209674599609,0.01688529946258214,0.00030436570575783153,0.03346623321940645
0.018681160217096527,0.07711981667445696,0.016897796889587608,0.0003047850337777984,0.03349080874539742
0.018736613864405206,0.08031716746685534,0.017112061362675256,0.0003117133375232124,0.0339124093878273
0.018810546309100038,0.08457997022378007,0.017401881878311935,0.000320300412008416,0.03448346334461545
0.018813616026484254,0.08475696423205922,0.0174140190864065,0.0003206403577396613,0.03450739781507334
0.018894609020596576,0.08942686470699551,0.017737274190912995,0.00032911297021223293,0.03514543541161376
0.01893954982617379,0.09201806523747591,0.01791917399028307,0.00033338839315914803,0.035504959587406994
0.019085761785499235,0.10044836597865303,0.018523734653331132,0.00034505753446281706,0.03670241177219945
0.01909865615030165,0.10119183028658194,0.01857800107805535,0.0003459143753832723,0.03681008778072743
0.019112482516872777,0.10198903202637193,0.018636363154398733,0.0003468009190482242,0.036925925389749245
0.019114091457580498,0.10208180045724023,0.018643166279401158,0.00034690190399497625,0.03693943065480734
0.01913579366182541,0.10333310786995206,0.018735168660550607,0.00034821926896121125,0.03712211805214
0.01920681495358537,0.10742805914018756,0.019039374131135166,0.0003519355190750757,0.037726812743195254
0.019272216259456236,0.11119897281852689,0.01932378825943129,0.0003545238918741603,0.03829305262698842
0.01928044665797239,0.11167352178860457,0.019359873990769407,0.00035479123719094757,0.03836495674434787
0.019291041389966027,0.11228439368575019,0.019406423272256147,0.0003551158262281584,0.038457730718284136
0.01929120124357221,0.1122936105376472,0.019407126448560224,0.0003551205544043076,0.03845913234271614
0.01946750804388891,0.12245912200635097,0.020198074135961308,0.0003571521564013566,0.04003899611552126
0.019524283806133115,0.12573270340650738,0.020459439374027482,0.00035638721698695586,0.04056249153106801
0.0196620409460637,0.13367551550079224,0.021107439917781374,0.0003514411815937167,0.041863438653969035
0.019677469917851808,0.13456512037922344,0.021181255667145342,0.00035060357115868773,0.042011907763131996
0.019992610795592298,0.15273553808956528,0.022745404133519626,0.00031985532601081987,0.045170952941028436
0.02004238858356886,0.1556056297346606,0.023002575822392478,0.00031245284597075304,0.0456926987988142
0.020121624189309,0.16017420257152334,0.023417805541217793,0.00029912341892775196,0.04653648766350783
0.020129287854068176,0.16061607476171547,0.02345835244771799,0.0002977311104684528,0.04661897378496753
0.02013673088944513,0.16104522588549788,0.023497797633112254,0.00029636120352491066,0.0466992340626996
0.020235595237833602,0.16674555432197122,0.024027919435257644,0.00027648057719964134,0.047779358293315644
0.020317783198313004,0.17148435426242695,0.024477485057739192,0.0002574933809002637,0.048697476734578124
0.02032097238167197,0.17166823644934853,0.024495094084884747,0.0002567102345753351,0.048733477935194155
0.02035547524630354,0.17365760535335745,0.024686392370913864,0.0002480118016665797,0.04912477294016115
0.020364168715146617,0.17415885406905282,0.024734821807409248,0.0002457544278954074,0.04922388918692309
0.02047756949197495,0.1806973250488312,0.025375096523381012,0.00021382577196303598,0.05053636727479899
0.02069192219429754,0.19305649015133292,0.026629733172445467,0.00014019642240301056,0.05311926992248792
0.020736019114466035,0.19559903387002164,0.026895223988196784,0.00012277063159992288,0.05366767734479365
0.020867926784855717,0.203204576785823,0.027704843003184456,6.572739235998284e-05,0.055343958614008926
0.020895925793657108,0.2048189458548073,0.027879716516535265,5.2642521572509454e-05,0.05570679051149802
0.021109501376361986,0.2171333037327878,0.029249372605731735,0.0,0.058557785010470195
0.021414860980906024,0.2347397520177958,0.03132153963855219,0.0,0.0629011349535586
0.02142665534567794,0.23541979243676786,0.031404362807406216,0.0,0.06307546476760212
0.021502668718972755,0.23980257753986803,0.031943254341071155,0.0,0.06421108291798701
0.021532574228742107,0.24152687179279356,0.032157709474481946,0.0,0.06466364832945527
0.021566318567636005,0.24347250555969055,0.032401364674280855,0.0,0.06517827251740291
0.021719548175699762,0.2523074304481183,0.03353040035853798,0.0,0.06756890138482077
0.0217218842464285,0.25244212379937886,0.03354790373585459,0.0,0.06760603979974189
0.021733186375127805,0.25309378283185624,0.033632711344173026,0.0,0.0677860161311199
0.022022072765629206,0.26975041723574317,0.03587197032554633,0.0,0.07255735089495013
0.022106805148027864,0.27463592365691863,0.03655555273638715,0.0,0.07402109365945331
0.022161137676639596,0.27776863289861603,0.03700045940933204,0.0,0.07497551637529493
0.022222967814859915,0.2813336399094696,0.03751309518263665,0.0,0.07607692053524943
0.0222551007274005,0.28318636192794766,0.03778219896166731,0.0,0.07665580850473089
0.022411486695190667,0.292203276455689,0.03911857187952645,0.0,0.07953772989737015
0.022756805281542596,0.3121136828813709,0.04223180171306593,0.0,0.08629576895560145
0.022786970825793784,0.3138529702230634,0.042514743713674454,0.0,0.08691290747329355
0.02347650087441919,0.3536099484265489,0.04949731988831597,0.0,0.1022845315919526
0.023559668211722652,0.3584052173535626,0.050409648964519396,0.0,0.10431163717796098
0.02383016878612733,0.3740017609154798,0.05348826632956232,0.0,0.11118088093375808
0.024028295564829,0.38542537042759895,0.055854854958143324,0.0,0.11648999378632585
0.024191080576459526,0.3948112415323473,0.05787266821027619,0.0,0.12103504336097692
0.0242380751042507,0.3975208557410412,0.05846780458365438,0.0,0.12237865305084905
0.024303489814559667,0.4012925422935351,0.05930577328901356,0.0,0.12427280440181676
0.02486299439558005,0.4335525017785815,0.06694577710744272,0.0,0.14165735864566106
0.024863229128841348,0.43356603604756894,0.06694916644200805,0.0,0.1416651135537751
0.024944946234666233,0.43827768741302936,0.06813881064530922,0.0,0.14438920873491462
0.02517489599758601,0.45153614907184064,0.07159230742537583,0.0,0.15232044552689178
0.02658970659294306,0.5331114105326042,0.0966123111849755,0.0,0.21056823505701683
0.026942697753668105,0.5534642028597052,0.10397194210044967,0.0,0.22788176896076112
0.02749054622586136,0.5850520934980037,0.11637512284566243,0.0,0.25715881841767546
0.028849828178613385,0.6634256800816274,0.1527734879807948,0.0,0.34320885123828876
0.032113599328203964,0.8516084557476223,0.27716234355354424,0.0,0.6259692053309858
