refit_id,refit_date,origin_count,gamma_A_draws,gamma_A_mean,gamma_A_sd,gamma_A_median,gamma_A_ci_lower,gamma_A_ci_upper,mean_D_t
SP500_RV-RA-NN-SV_20170103,2017-01-03,20,8000,0.020163628155695,0.0304454475224213,0.02026095,-0.0390579275,0.0797371324999999,0.007853841884717994
SP500_RV-RA-NN-SV_20170201,2017-02-01,19,8000,0.0187946480979652,0.0312109239488568,0.01897525,-0.042848,0.0795815724999999,0.00892128309389687
SP500_RV-RA-NN-SV_20170301,2017-03-01,23,8000,0.0186521197046375,0.0310751200523766,0.01903195,-0.0426094249999999,0.0785833499999999,0.0004817487692974992
SP500_RV-RA-NN-SV_20170403,2017-04-03,19,8000,0.0184114674101062,0.0309649688433752,0.01861505,-0.0425519025,0.0798538724999999,0.010887768266702307
SP500_RV-RA-NN-SV_20170501,2017-05-01,22,8000,0.0176578105132249,0.0307758917251735,0.01783715,-0.04186483,0.0770686125,-0.007699179171314607
SP500_RV-RA-NN-SV_20170601,2017-06-01,22,8000,0.0211313605650125,0.0302847103883105,0.0211466999999999,-0.0380581375,0.0795978374999999,0.0011090448145444432
SP500_RV-RA-NN-SV_20170703,2017-07-03,20,8000,0.0189994060392375,0.0308267709067682,0.01868715,-0.0418634625,0.0791836225,-0.03889178429639458
SP500_RV-RA-NN-SV_20170801,2017-08-01,23,8000,0.01978023120087,0.0303529979736435,0.0200428,-0.0379990275,0.0804046674999999,0.021148622309611936
SP500_RV-RA-NN-SV_20170901,2017-09-01,20,8000,0.0190779145581662,0.0307736871528063,0.0185357999999999,-0.0397969524999999,0.0794970549999999,0.011454057431463337
SP500_RV-RA-NN-SV_20171002,2017-10-02,22,8000,0.0178844042613125,0.0308091811757178,0.0176781,-0.041711065,0.0781400199999999,0.0120658068842751
SP500_RV-RA-NN-SV_20171101,2017-11-01,21,8000,0.0147183420650824,0.0304819768739548,0.0147341,-0.0453325324999999,0.0755552324999999,-0.006599054303099834
SP500_RV-RA-NN-SV_20171201,2017-12-01,10,8000,0.0155188252515712,0.0298890483641156,0.01533565,-0.0420778625,0.073832785,0.020042812300710724
