market,model_id,observations,mean_var_es_01_fz0,mean_var_01_quantile_loss,var_01_exceedances,var_01_exceedance_rate,var_01_kupiec_p_value,var_01_independence_p_value,var_01_conditional_coverage_p_value,mean_var_es_05_fz0,mean_var_05_quantile_loss,var_05_exceedances,var_05_exceedance_rate,var_05_kupiec_p_value,var_05_independence_p_value,var_05_conditional_coverage_p_value
SP500,RV-NN-SV,1012,-3.108506359575238,0.0004992008519413394,25,0.024703557312252964,7.500489525423936e-05,0.6464081843380289,0.0003543115521442358,-3.6649954404995757,0.00147517441003511,63,0.06225296442687747,0.08441903155061166,0.2955686006858894,0.1305639597269057
SP500,Realized-GARCH-Gaussian-QMLE,1012,-3.0189321848202804,0.0004853811344582171,31,0.030632411067193676,1.1606801820062541e-07,0.3292385430730615,4.949888326351648e-07,-3.745288589363818,0.0013774499437855276,72,0.07114624505928854,0.003608896253143765,0.3952009754140433,0.010083574329703655
SP500,Realized-GARCH-t-MLE,1012,-3.230095166828167,0.0004396358740095738,26,0.025691699604743084,2.7847791430115738e-05,0.17214116795929285,6.056616523569369e-05,-3.7593209887966648,0.0013813119491445105,75,0.0741106719367589,0.0009852667216945195,0.2903509716553915,0.002512387191825578
FTSE100,RV-NN-SV,1036,-3.1509744700090674,0.0004261786316306607,21,0.02027027027027027,0.00353838924184305,0.3509872375491422,0.009202333979640483,-3.6932927954262462,0.0012961854354743942,61,0.05888030888030888,0.20152592905247327,0.4541450412322968,0.33427756457263985
FTSE100,Realized-GARCH-Gaussian-QMLE,1036,-2.9111024982526033,0.0004600496824194918,34,0.032818532818532815,5.286826632274335e-09,0.43372980351332746,2.9265793760767557e-08,-3.6626557620255342,0.0013043807380209759,65,0.06274131274131274,0.06981095274367032,0.06281692051357227,0.03423754939161622
FTSE100,Realized-GARCH-t-MLE,1036,-3.0763641389015346,0.0004350313908035983,33,0.03185328185328185,1.810256525608662e-08,0.3924837029968625,9.124848129219776e-08,-3.6720196590843637,0.0013059002419143972,67,0.06467181467181467,0.03778892040787228,0.032916654425759695,0.0118870776874601
DAX,RV-NN-SV,1029,-2.9499961406363955,0.000509039226906046,23,0.022351797862001945,0.0006123556369336981,0.30485661752630416,0.0016691632609572877,-3.49222785957971,0.0015442972836580912,75,0.0728862973760933,0.0015623463990394602,0.8256210990418502,0.00656455894363779
DAX,Realized-GARCH-Gaussian-QMLE,1029,-2.5343615643836603,0.0005777518131538107,36,0.03498542274052478,3.447081964437217e-10,0.10595920771486664,7.519098092923504e-10,-3.4374670271670618,0.0015546453691661771,89,0.08649173955296405,1.0095509952857544e-06,0.3636570494392741,4.254531876957236e-06
DAX,Realized-GARCH-t-MLE,1029,-2.768906192945312,0.0005438339808204413,30,0.029154518950437316,5.261990566126045e-07,0.17924425655512602,1.392234269161114e-06,-3.4431684492895007,0.0015668704783287533,92,0.08940719144800778,1.536729270909811e-07,0.2922841287353158,6.003034600540048e-07
