market,alpha,loss,role,model_a,model_b,sign_convention,n_candidate_origins,n_model_a_available,n_model_b_available,n_common,mean_loss_model_a,mean_loss_model_b,alternative,multiplicity_adjustment,reporting_role,statistic,p_value,mean_loss_difference,hac_lag
SP500,0.01,var_es_01_fz0,realised_information_contrast,RV-NN-SV,NN-SV,negative_mean_difference_favors_model_a,1012,1012,1012,1012,-3.108506359575238,-2.9794012743868854,two_sided,none,descriptive,-1.5695393118059322,0.11683523100043178,-0.12910508518835204,6
SP500,0.05,var_es_05_fz0,realised_information_contrast,RV-NN-SV,NN-SV,negative_mean_difference_favors_model_a,1012,1012,1012,1012,-3.6649954404995757,-3.5914599157448355,two_sided,none,descriptive,-2.522278834764669,0.01181232119545936,-0.07353552475474028,6
SP500,0.01,var_es_01_fz0,h1_functional_form_contrast,RV-NN-SV,RV-LIN-SV,negative_mean_difference_favors_model_a,1021,1012,930,921,-3.030934999794742,-3.0812392102203834,two_sided,none,descriptive,1.4673796062780349,0.14261458045179204,0.050304210425641545,6
SP500,0.05,var_es_05_fz0,h1_functional_form_contrast,RV-NN-SV,RV-LIN-SV,negative_mean_difference_favors_model_a,1021,1012,930,921,-3.598697262783045,-3.6311331519632914,two_sided,none,descriptive,2.25031443972468,0.024664529833176223,0.03243588918024567,6
SP500,0.01,var_es_01_fz0,residual_asymmetry_contrast,RV-RA-NN-SV,RV-NN-SV,negative_mean_difference_favors_model_a,1012,1001,1012,1001,-3.1452835616977723,-3.1534474269709736,two_sided,none,descriptive,1.8369864283703574,0.0665085277377696,0.00816386527320151,6
SP500,0.05,var_es_05_fz0,residual_asymmetry_contrast,RV-RA-NN-SV,RV-NN-SV,negative_mean_difference_favors_model_a,1012,1001,1012,1001,-3.699991090610789,-3.700601982189102,two_sided,none,descriptive,0.49704815295971283,0.619264352200946,0.0006108915783133418,6
SP500,0.01,var_es_01_fz0,equal_weight_combination_contrast,NN-ENSEMBLE-EQUAL,RV-NN-SV,negative_mean_difference_favors_model_a,1012,1012,1012,1012,-3.0760800994117212,-3.108506359575238,two_sided,none,descriptive,0.7177179387689048,0.4730970221533365,0.03242626016351632,6
SP500,0.05,var_es_05_fz0,equal_weight_combination_contrast,NN-ENSEMBLE-EQUAL,RV-NN-SV,negative_mean_difference_favors_model_a,1012,1012,1012,1012,-3.6399656796368127,-3.6649954404995757,two_sided,none,descriptive,1.6543979232401962,0.09835708698543202,0.02502976086276322,6
SP500,0.01,var_es_01_fz0,log_score_combination_contrast,NN-ENSEMBLE-LOG_SCORE,RV-NN-SV,negative_mean_difference_favors_model_a,1012,1012,1012,1012,-3.1102560832551647,-3.108506359575238,two_sided,none,descriptive,-0.6581675004371497,0.5105803446098821,-0.001749723679927217,6
SP500,0.05,var_es_05_fz0,log_score_combination_contrast,NN-ENSEMBLE-LOG_SCORE,RV-NN-SV,negative_mean_difference_favors_model_a,1012,1012,1012,1012,-3.6663712779771047,-3.6649954404995757,two_sided,none,descriptive,-1.4184245889894205,0.15637501369377546,-0.0013758374775293578,6
SP500,0.01,var_es_01_fz0,neural_vs_gaussian_realized_garch,RV-NN-SV,Realized-GARCH-Gaussian-QMLE,negative_mean_difference_favors_model_a,1012,1012,1012,1012,-3.108506359575238,-3.0189321848202804,two_sided,none,descriptive,-0.586172513987248,0.5578904302880864,-0.08957417475495706,6
SP500,0.05,var_es_05_fz0,neural_vs_gaussian_realized_garch,RV-NN-SV,Realized-GARCH-Gaussian-QMLE,negative_mean_difference_favors_model_a,1012,1012,1012,1012,-3.6649954404995757,-3.745288589363818,two_sided,none,descriptive,1.8622371473498909,0.06285960584481795,0.08029314886424209,6
SP500,0.01,var_es_01_fz0,return_innovation_distribution_contrast,Realized-GARCH-t-MLE,Realized-GARCH-Gaussian-QMLE,negative_mean_difference_favors_model_a,1012,1012,1012,1012,-3.230095166828167,-3.0189321848202804,two_sided,none,descriptive,-3.1766872821633,0.0015348098381412437,-0.21116298200788658,6
SP500,0.05,var_es_05_fz0,return_innovation_distribution_contrast,Realized-GARCH-t-MLE,Realized-GARCH-Gaussian-QMLE,negative_mean_difference_favors_model_a,1012,1012,1012,1012,-3.7593209887966648,-3.745288589363818,two_sided,none,descriptive,-2.7817348352480544,0.005507487716532839,-0.014032399432847035,6
SP500,0.01,var_es_01_fz0,tail_matched_structured_benchmark_contrast,Realized-GARCH-t-MLE,RV-NN-SV,negative_mean_difference_favors_model_a,1012,1012,1012,1012,-3.230095166828167,-3.108506359575238,two_sided,none,descriptive,-0.9675715106759467,0.3334898114830883,-0.12158880725292955,6
SP500,0.05,var_es_05_fz0,tail_matched_structured_benchmark_contrast,Realized-GARCH-t-MLE,RV-NN-SV,negative_mean_difference_favors_model_a,1012,1012,1012,1012,-3.7593209887966648,-3.6649954404995757,two_sided,none,descriptive,-2.182014185229427,0.0293381262021215,-0.09432554829708913,6
FTSE100,0.01,var_es_01_fz0,realised_information_contrast,RV-NN-SV,NN-SV,negative_mean_difference_favors_model_a,1036,1036,1036,1036,-3.1509744700090674,-3.116447982163542,two_sided,none,descriptive,-0.7233494399634276,0.4696286638597241,-0.03452648784552544,6
FTSE100,0.05,var_es_05_fz0,realised_information_contrast,RV-NN-SV,NN-SV,negative_mean_difference_favors_model_a,1036,1036,1036,1036,-3.6932927954262462,-3.6775595376065464,two_sided,none,descriptive,-1.0619464316741034,0.28850772770258354,-0.015733257819699944,6
FTSE100,0.01,var_es_01_fz0,h1_functional_form_contrast,RV-NN-SV,RV-LIN-SV,negative_mean_difference_favors_model_a,1045,1036,1003,994,-3.133381906696299,-3.1342129831066297,two_sided,none,descriptive,0.02704640552287745,0.978428155608103,0.0008310764103312,6
FTSE100,0.05,var_es_05_fz0,h1_functional_form_contrast,RV-NN-SV,RV-LIN-SV,negative_mean_difference_favors_model_a,1045,1036,1003,994,-3.7000009135894,-3.705414138537145,two_sided,none,descriptive,0.6564069748589548,0.5117143806113696,0.005413224947744916,6
FTSE100,0.01,var_es_01_fz0,residual_asymmetry_contrast,RV-RA-NN-SV,RV-NN-SV,negative_mean_difference_favors_model_a,1036,1010,1036,1010,-3.136718081560489,-3.1337324729762495,two_sided,none,descriptive,-0.29772171376795514,0.7659768576892114,-0.002985608584239396,6
FTSE100,0.05,var_es_05_fz0,residual_asymmetry_contrast,RV-RA-NN-SV,RV-NN-SV,negative_mean_difference_favors_model_a,1036,1010,1036,1010,-3.680593284711777,-3.6796117430462583,two_sided,none,descriptive,-0.25147268040737536,0.8014998876721965,-0.0009815416655188293,6
FTSE100,0.01,var_es_01_fz0,equal_weight_combination_contrast,NN-ENSEMBLE-EQUAL,RV-NN-SV,negative_mean_difference_favors_model_a,1036,1036,1036,1036,-3.1459248820995733,-3.1509744700090674,two_sided,none,descriptive,0.2197121262599656,0.8261386843264569,0.0050495879094939996,6
FTSE100,0.05,var_es_05_fz0,equal_weight_combination_contrast,NN-ENSEMBLE-EQUAL,RV-NN-SV,negative_mean_difference_favors_model_a,1036,1036,1036,1036,-3.689003655614812,-3.6932927954262462,two_sided,none,descriptive,0.5920952803794353,0.5539161033253209,0.00428913981143399,6
FTSE100,0.01,var_es_01_fz0,log_score_combination_contrast,NN-ENSEMBLE-LOG_SCORE,RV-NN-SV,negative_mean_difference_favors_model_a,1036,1036,1036,1036,-3.1311084592344236,-3.1509744700090674,two_sided,none,descriptive,1.8519186410268256,0.06432212995983173,0.01986601077464373,6
FTSE100,0.05,var_es_05_fz0,log_score_combination_contrast,NN-ENSEMBLE-LOG_SCORE,RV-NN-SV,negative_mean_difference_favors_model_a,1036,1036,1036,1036,-3.6838314597636126,-3.6932927954262462,two_sided,none,descriptive,2.564738462097601,0.010465430427414765,0.009461335662633812,6
FTSE100,0.01,var_es_01_fz0,neural_vs_gaussian_realized_garch,RV-NN-SV,Realized-GARCH-Gaussian-QMLE,negative_mean_difference_favors_model_a,1036,1036,1036,1036,-3.1509744700090674,-2.9111024982526033,two_sided,none,descriptive,-2.416748237710683,0.015831958361063592,-0.23987197175646402,6
FTSE100,0.05,var_es_05_fz0,neural_vs_gaussian_realized_garch,RV-NN-SV,Realized-GARCH-Gaussian-QMLE,negative_mean_difference_favors_model_a,1036,1036,1036,1036,-3.6932927954262462,-3.6626557620255342,two_sided,none,descriptive,-1.0177644829978063,0.3090277399475123,-0.03063703340071233,6
FTSE100,0.01,var_es_01_fz0,return_innovation_distribution_contrast,Realized-GARCH-t-MLE,Realized-GARCH-Gaussian-QMLE,negative_mean_difference_favors_model_a,1036,1036,1036,1036,-3.0763641389015346,-2.9111024982526033,two_sided,none,descriptive,-4.054903913565991,5.391745650979555e-05,-0.16526164064893087,6
FTSE100,0.05,var_es_05_fz0,return_innovation_distribution_contrast,Realized-GARCH-t-MLE,Realized-GARCH-Gaussian-QMLE,negative_mean_difference_favors_model_a,1036,1036,1036,1036,-3.6720196590843637,-3.6626557620255342,two_sided,none,descriptive,-3.7453150890565614,0.00019010372718567084,-0.009363897058829847,6
FTSE100,0.01,var_es_01_fz0,tail_matched_structured_benchmark_contrast,Realized-GARCH-t-MLE,RV-NN-SV,negative_mean_difference_favors_model_a,1036,1036,1036,1036,-3.0763641389015346,-3.1509744700090674,two_sided,none,descriptive,0.878467281762416,0.3798940719510112,0.0746103311075332,6
FTSE100,0.05,var_es_05_fz0,tail_matched_structured_benchmark_contrast,Realized-GARCH-t-MLE,RV-NN-SV,negative_mean_difference_favors_model_a,1036,1036,1036,1036,-3.6720196590843637,-3.6932927954262462,two_sided,none,descriptive,0.7014437355135501,0.48318381977704983,0.02127313634188248,6
DAX,0.01,var_es_01_fz0,realised_information_contrast,RV-NN-SV,NN-SV,negative_mean_difference_favors_model_a,1029,1029,1029,1029,-2.9499961406363955,-2.9307398549838246,two_sided,none,descriptive,-0.5020966241188355,0.6157070786726393,-0.019256285652570697,6
DAX,0.05,var_es_05_fz0,realised_information_contrast,RV-NN-SV,NN-SV,negative_mean_difference_favors_model_a,1029,1029,1029,1029,-3.49222785957971,-3.4655066313938745,two_sided,none,descriptive,-1.6979673132778879,0.08981656778464761,-0.026721228185835787,6
DAX,0.01,var_es_01_fz0,h1_functional_form_contrast,RV-NN-SV,RV-LIN-SV,negative_mean_difference_favors_model_a,1038,1029,1021,1012,-3.088907601344321,-3.1095587675987026,two_sided,none,descriptive,1.1176048203464481,0.2640013153997996,0.0206511662543818,6
DAX,0.05,var_es_05_fz0,h1_functional_form_contrast,RV-NN-SV,RV-LIN-SV,negative_mean_difference_favors_model_a,1038,1029,1021,1012,-3.5347264231846554,-3.5528619311664107,two_sided,none,descriptive,2.9715048503463137,0.003033578987607672,0.018135507981755283,6
DAX,0.01,var_es_01_fz0,residual_asymmetry_contrast,RV-RA-NN-SV,RV-NN-SV,negative_mean_difference_favors_model_a,1029,986,1029,986,-2.9302986696156426,-2.9313324503900273,two_sided,none,descriptive,0.1465126567599402,0.8835466786680487,0.001033780774385359,6
DAX,0.05,var_es_05_fz0,residual_asymmetry_contrast,RV-RA-NN-SV,RV-NN-SV,negative_mean_difference_favors_model_a,1029,986,1029,986,-3.4825200091983985,-3.4826269741332245,two_sided,none,descriptive,0.04805469203723098,0.9616823964491554,0.00010696493482588474,6
DAX,0.01,var_es_01_fz0,equal_weight_combination_contrast,NN-ENSEMBLE-EQUAL,RV-NN-SV,negative_mean_difference_favors_model_a,1029,1029,1029,1029,-2.9521887190245586,-2.9499961406363955,two_sided,none,descriptive,-0.0953526333963999,0.9240533209604466,-0.002192578388163134,6
DAX,0.05,var_es_05_fz0,equal_weight_combination_contrast,NN-ENSEMBLE-EQUAL,RV-NN-SV,negative_mean_difference_favors_model_a,1029,1029,1029,1029,-3.482164376062537,-3.49222785957971,two_sided,none,descriptive,1.2139874172654852,0.2250313477913843,0.010063483517172891,6
DAX,0.01,var_es_01_fz0,log_score_combination_contrast,NN-ENSEMBLE-LOG_SCORE,RV-NN-SV,negative_mean_difference_favors_model_a,1029,1029,1029,1029,-2.949551006703077,-2.9499961406363955,two_sided,none,descriptive,0.18693052288942463,0.8517519914961011,0.0004451339333188415,6
DAX,0.05,var_es_05_fz0,log_score_combination_contrast,NN-ENSEMBLE-LOG_SCORE,RV-NN-SV,negative_mean_difference_favors_model_a,1029,1029,1029,1029,-3.491949109057647,-3.49222785957971,two_sided,none,descriptive,0.3384265190839403,0.7351108985424273,0.00027875052206320124,6
DAX,0.01,var_es_01_fz0,neural_vs_gaussian_realized_garch,RV-NN-SV,Realized-GARCH-Gaussian-QMLE,negative_mean_difference_favors_model_a,1029,1029,1029,1029,-2.9499961406363955,-2.5343615643836603,two_sided,none,descriptive,-2.6795448597027094,0.007490024128540094,-0.41563457625273487,6
DAX,0.05,var_es_05_fz0,neural_vs_gaussian_realized_garch,RV-NN-SV,Realized-GARCH-Gaussian-QMLE,negative_mean_difference_favors_model_a,1029,1029,1029,1029,-3.49222785957971,-3.4374670271670618,two_sided,none,descriptive,-1.3289580847769478,0.1841566830336347,-0.05476083241264805,6
DAX,0.01,var_es_01_fz0,return_innovation_distribution_contrast,Realized-GARCH-t-MLE,Realized-GARCH-Gaussian-QMLE,negative_mean_difference_favors_model_a,1029,1029,1029,1029,-2.768906192945312,-2.5343615643836603,two_sided,none,descriptive,-4.003363529278311,6.693602371464609e-05,-0.23454462856165154,6
DAX,0.05,var_es_05_fz0,return_innovation_distribution_contrast,Realized-GARCH-t-MLE,Realized-GARCH-Gaussian-QMLE,negative_mean_difference_favors_model_a,1029,1029,1029,1029,-3.4431684492895007,-3.4374670271670618,two_sided,none,descriptive,-1.33858589511274,0.18100147428035568,-0.005701422122439143,6
DAX,0.01,var_es_01_fz0,tail_matched_structured_benchmark_contrast,Realized-GARCH-t-MLE,RV-NN-SV,negative_mean_difference_favors_model_a,1029,1029,1029,1029,-2.768906192945312,-2.9499961406363955,two_sided,none,descriptive,1.4847333542426273,0.13792103047186932,0.1810899476910833,6
DAX,0.05,var_es_05_fz0,tail_matched_structured_benchmark_contrast,Realized-GARCH-t-MLE,RV-NN-SV,negative_mean_difference_favors_model_a,1029,1029,1029,1029,-3.4431684492895007,-3.49222785957971,two_sided,none,descriptive,1.187138973380146,0.23544705361178597,0.04905941029020891,6
